col,count
winston,527
one,433
said,341
even,307
party,289
o,207
like,206
brien,205
time,199
face,195
thought,187
never,177
seemed,173
two,164
back,154
moment,152
still,150
man,149
always,146
know,133
almost,128
way,127
another,125
though,124
words,123
war,122
might,122
years,120
eyes,120
made,114
little,114
knew,113
long,109
thing,108
round,108
three,108
old,107
past,107
people,106
must,105
say,104
away,101
julia,100
something,99
voice,98
world,98
mind,98
without,97
every,97
ever,97
word,96
make,95
see,93
big,93
perhaps,92
telescreen,92
kind,91
place,91
room,90
life,86
first,84
newspeak,84
day,83
looked,82
body,82
much,82
hand,81
power,81
brother,80
nothing,79
came,79
got,75
turned,74
get,74
human,73
possible,73
anything,73
end,72
remember,72
whole,72
already,71
seen,70
look,70
right,70
four,69
pain,69
except,69
sort,69
also,69
feeling,68
girl,67
happened,67
come,67
went,67
since,67
called,67
work,66
yes,66
ministry,65
table,65
everything,64
head,63
enough,63
side,63
white,62
oceania,62
think,62
suddenly,62
merely,61
go,61
well,61
woman,60
far,60
minutes,60
necessary,60
quite,59
times,59
sometimes,59
yet,59
small,58
bed,57
took,56
hands,55
good,55
whether,54
certain,54
actually,54
felt,54
behind,54
saw,53
different,53
simply,53
men,52
sat,52
fact,51
put,50
new,50
course,50
impossible,50
air,50
used,49
take,49
glass,49
across,49
better,49
become,48
great,48
true,48
love,47
hair,47
done,47
police,47
hours,47
began,47
proles,47
memory,47
days,46
full,46
upon,46
five,46
last,46
act,45
paper,45
ago,45
many,45
outside,44
heart,44
m,43
towards,43
inside,43
death,43
front,43
ve,43
enormous,43
victory,43
children,43
street,43
door,42
tell,42
left,42
longer,42
others,42
matter,42
less,42
things,41
taken,41
fingers,41
alone,41
member,41
keep,41
stopped,41
re,40
appeared,40
light,40
somewhere,40
mother,40
real,40
parsons,40
together,40
middle,40
black,40
understand,40
shall,40
give,40
book,40
gave,40
exist,39
large,39
set,38
next,38
arm,38
ingsoc,38
part,38
members,38
half,38
inner,37
eurasia,37
person,37
later,37
seconds,37
use,37
stood,37
dark,37
really,37
floor,37
heard,37
meaning,37
else,36
soon,36
goldstein,36
truth,36
thirty,36
changed,36
held,36
wall,35
within,35
hate,35
young,35
syme,35
brought,35
hold,35
going,34
passed,34
reality,34
dead,34
us,33
gin,33
existed,33
kept,33
whose,33
ll,33
ten,33
piece,33
gone,33
eastasia,33
believe,33
remembered,32
sure,32
revolution,32
may,32
water,32
however,32
control,32
probably,32
fear,32
week,32
sense,31
name,31
opposite,31
sitting,31
future,31
chapter,31
history,31
want,31
known,31
case,31
doublethink,31
either,31
near,31
written,31
society,31
present,30
trying,30
mouth,30
meant,30
top,30
needed,30
standing,30
enemy,30
able,30
need,30
prisoners,30
happen,29
cell,29
occurred,29
exactly,29
example,29
told,29
nearly,29
feel,29
arms,29
department,29
vocabulary,29
question,29
idea,29
let,29
started,29
among,28
records,28
physical,28
read,28
diary,28
lay,28
talking,28
general,28
turn,28
year,28
women,28
overalls,28
sound,28
important,28
alive,28
open,28
smell,28
faces,27
difficult,27
reason,27
night,27
everyone,27
whatever,27
difference,27
became,27
feet,27
looking,27
political,27
effort,27
single,27
deep,27
point,27
wanted,27
earlier,26
existence,26
speak,26
given,26
free,26
london,26
d,26
second,26
age,26
hour,26
usual,26
several,26
hatred,26
change,26
thinking,26
lies,25
immediately,25
aware,25
movement,25
forgotten,25
followed,25
coming,25
fell,25
nose,25
speech,25
early,25
although,25
often,24
somehow,24
struck,24
instant,24
clothes,24
morning,24
window,24
order,24
knowledge,24
charrington,24
freedom,24
didn,24
heavy,24
hardly,24
sleep,24
boots,24
century,24
added,24
conscious,24
worked,23
speaking,23
boy,23
process,23
six,23
brotherhood,23
consciousness,23
books,23
language,23
evening,23
noticed,23
easy,23
working,23
corner,23
stop,23
expression,22
stuff,22
pushed,22
today,22
sight,22
spectacles,22
mr,22
completely,22
comrade,22
singing,22
music,22
mean,22
date,22
writing,22
cold,22
dream,22
broken,22
meet,22
coffee,22
found,22
knowing,22
home,22
bells,22
shut,21
continued,21
tried,21
lost,21
group,21
indeed,21
dangerous,21
eurasian,21
beyond,21
wondered,21
quarter,21
care,21
tiny,21
lived,21
vast,21
picture,21
therefore,21
caught,21
picked,21
short,21
easily,21
pieces,21
complete,21
appearance,21
means,21
secret,21
making,21
thoughts,21
filled,20
instance,20
low,20
skin,20
movements,20
public,20
guards,20
fighting,20
grown,20
chocolate,20
high,20
danger,20
lie,20
child,20
b,20
running,20
opened,20
sister,20
line,20
walked,20
grew,19
couple,19
st,19
shouting,19
bring,19
afternoon,19
hear,19
food,19
evidence,19
disappeared,19
silent,19
dust,19
smith,19
produced,19
knees,19
curious,19
hundred,19
finally,19
happening,19
metres,19
ones,19
contained,19
slightly,18
wrote,18
altered,18
remain,18
forth,18
saying,18
hundreds,18
job,18
natural,18
live,18
pocket,18
weeks,18
slowly,18
forward,18
peace,18
flat,18
chair,18
sun,18
glance,18
least,18
cut,18
nobody,18
believed,18
continuous,18
spies,18
number,18
minute,18
pulled,18
hope,17
anyone,17
purpose,17
reading,17
covered,17
news,17
ordinary,17
stand,17
powerful,17
seven,17
faint,17
rate,17
katharine,17
instead,17
earth,17
watching,17
names,17
nature,17
bread,17
quickly,17
rest,17
strong,17
country,17
twenty,17
class,17
moved,17
teeth,17
call,17
help,17
torture,17
walls,17
blue,17
lying,17
beautiful,17
huge,17
thick,16
leave,16
groups,16
dropped,16
vaguely,16
shop,16
simultaneously,16
sit,16
apart,16
level,16
desire,16
normal,16
building,16
remained,16
interest,16
dial,16
impression,16
military,16
original,16
crowd,16
move,16
principle,16
bombs,16
streets,16
bad,16
following,16
passage,16
oldspeak,16
colour,16
flung,16
shoot,16
find,16
till,16
clear,16
talk,16
position,16
someone,16
voices,16
common,16
paused,16
strength,16
shoulders,16
sooner,16
walking,16
step,16
gesture,16
telescreens,16
crimes,16
darkness,16
message,16
expected,16
straight,16
living,16
101,15
martin,15
wife,15
belly,15
growing,15
along,15
bit,15
exists,15
numbers,15
figure,15
beginning,15
carried,15
figures,15
partly,15
manner,15
razor,15
pure,15
rats,15
instinct,15
memories,15
sweat,15
attention,15
ruling,15
intellectual,15
powers,15
allowed,15
shoulder,15
thousands,15
direction,15
vaporized,15
violent,15
says,15
meanings,15
curiously,15
distance,15
ran,15
dictionary,15
rubbish,15
killed,15
taking,14
photograph,14
subject,14
capable,14
filthy,14
fro,14
difficulty,14
vague,14
tube,14
destroy,14
falling,14
rather,14
super-states,14
confess,14
object,14
hidden,14
comes,14
rocket,14
whenever,14
beneath,14
clock,14
mrs,14
e,14
paperweight,14
ampleforth,14
principles,14
dirty,14
obviously,14
waist,14
centre,14
guard,14
mere,14
league,14
tears,14
die,14
occasionally,14
aim,14
terrible,14
months,14
force,14
walk,14
waiting,14
structure,14
learn,14
individual,14
supposed,14
conversation,13
speakwrite,13
fragment,13
moments,13
special,13
show,13
particular,13
mass,13
beings,13
fallen,13
gazed,13
invariably,13
lunatic,13
safe,13
crossed,13
blow,13
realized,13
stirred,13
tree,13
wrong,13
late,13
ground,13
fifty,13
listening,13
problem,13
neck,13
bomb,13
masses,13
edge,13
endless,13
hard,13
millions,13
vision,13
besides,13
bones,13
recognized,13
pressed,13
concerned,13
constantly,13
state,13
english,13
habit,13
larger,13
asleep,13
carrying,13
cigarette,13
controls,13
suppose,13
pavement,13
confessed,13
plenty,13
imagine,13
beer,13
rose,13
seem,13
watched,13
won,13
narrow,13
brain,13
effect,13
law,13
thousand,13
thoughtcrime,12
equal,12
orthodoxy,12
intelligent,12
holding,12
canteen,12
em,12
perfectly,12
touch,12
form,12
using,12
population,12
outer,12
presently,12
oh,12
community,12
houses,12
forget,12
everybody,12
helicopter,12
main,12
spoken,12
imagined,12
officer,12
terms,12
cage,12
met,12
hole,12
answer,12
warm,12
invented,12
close,12
labour,12
frightening,12
literature,12
official,12
facts,12
married,12
red,12
aside,12
carefully,12
breast,12
laid,12
worst,12
sky,12
crowded,12
uttered,12
anywhere,12
ask,12
sexual,12
twentieth,12
square,12
intended,12
stupid,12
africa,12
dear,12
broke,12
obvious,12
getting,12
folly,12
literally,12
house,12
betrayed,12
spoke,12
best,12
destruction,12
burst,12
committed,12
simple,12
rules,12
belief,12
defeat,12
seeing,12
likely,12
empty,12
lips,11
raised,11
throughout,11
childhood,11
understanding,11
settled,11
blade,11
copy,11
everywhere,11
stream,11
shape,11
applied,11
yard,11
bodies,11
yellow,11
repeated,11
stay,11
girls,11
please,11
possession,11
tongue,11
surface,11
swallowed,11
purposes,11
machine,11
destroyed,11
solid,11
kitchen,11
sank,11
impulse,11
eye,11
screen,11
slogans,11
promptly,11
leaving,11
loved,11
coat,11
practice,11
seldom,11
edition,11
creature,11
fiction,11
bought,11
choose,11
feelings,11
avoid,11
similar,11
hated,11
generation,11
nevertheless,11
led,11
church,11
places,11
corridor,11
rutherford,11
bottle,11
clement,11
capitalists,11
moreover,11
breaking,11
consisted,11
finished,11
fixed,11
eleven,11
chance,11
run,11
helpless,11
equality,11
older,11
mental,11
smile,11
banners,11
cases,11
ration,11
barely,11
evidently,11
bloody,11
strange,11
kill,11
wearing,11
nearer,11
wealth,11
slow,10
bench,10
ready,10
engaged,10
army,10
pen,10
lamp,10
chinless,10
month,10
ain,10
chiefly,10
opening,10
page,10
woke,10
wars,10
none,10
mixed,10
struggle,10
mention,10
passing,10
failed,10
majority,10
fifteen,10
enemies,10
lives,10
attack,10
ended,10
doubt,10
story,10
wire,10
needs,10
arrested,10
contact,10
prepared,10
realize,10
horror,10
fresh,10
managed,10
cubicle,10
glasses,10
poster,10
alter,10
pint,10
sides,10
wish,10
ear,10
soft,10
atmosphere,10
played,10
possibly,10
note,10
patrols,10
formed,10
isn,10
moving,10
sent,10
million,10
period,10
metal,10
slipped,10
lot,10
happens,10
generally,10
false,10
nowadays,10
hanging,10
varicose,10
clean,10
final,10
vanished,10
accord,10
murmured,10
spite,10
ancient,10
carry,10
torn,10
altogether,10
somewhat,10
listen,10
thin,10
contrary,10
attitude,10
government,10
event,10
wood,10
triumph,10
worse,10
shot,10
interested,10
slid,10
fire,10
deliberately,10
chestnut,9
parts,9
afterwards,9
doctrine,9
prevent,9
countries,9
dozen,9
naked,9
skull,9
lunch,9
field,9
buy,9
betray,9
abruptly,9
unconscious,9
horrible,9
ways,9
1984,9
eat,9
peculiar,9
remark,9
bent,9
drew,9
wide,9
action,9
utterly,9
oranges,9
underground,9
dreams,9
minds,9
detail,9
lines,9
steel,9
lavatory,9
reached,9
workers,9
floated,9
cent,9
otherwise,9
stepped,9
ears,9
slavery,9
wave,9
scientific,9
knows,9
thus,9
animal,9
confession,9
heretical,9
posters,9
yelled,9
screaming,9
usually,9
purges,9
youth,9
break,9
cigarettes,9
private,9
papers,9
terror,9
series,9
actual,9
momentary,9
current,9
lemons,9
monstrous,9
floating,9
save,9
smooth,9
certainty,9
nine,9
follow,9
intelligence,9
cry,9
surprise,9
ceased,9
abolished,9
confessions,9
understood,9
beside,9
rule,9
warning,9
possibility,9
baby,9
ages,9
song,9
breath,9
brown,9
scent,9
quick,9
lever,9
wind,9
commit,9
changes,9
opinion,9
organization,9
brief-case,9
scarlet,9
blood,9
named,9
comrades,9
nonsense,9
sex,9
external,9
panic,9
start,9
guess,9
windows,9
importance,9
various,9
sanity,9
arguments,8
standards,8
aaronson,8
suicide,8
claimed,8
ahead,8
rich,8
perfect,8
entirely,8
progress,8
essential,8
3,8
goods,8
grey,8
slogan,8
leading,8
tomorrow,8
hunger,8
flitted,8
station,8
required,8
swine,8
producing,8
ulcer,8
beauty,8
becomes,8
traitors,8
ideological,8
shorts,8
friend,8
liberty,8
rolled,8
system,8
intervals,8
spent,8
per,8
awake,8
worth,8
range,8
elbow,8
din,8
attempt,8
smallest,8
clung,8
cause,8
messages,8
events,8
dollars,8
ah,8
unable,8
suggested,8
pneumatic,8
bar,8
sudden,8
noise,8
junior,8
bottom,8
laws,8
frightened,8
atomic,8
characteristic,8
helplessness,8
gazing,8
emotion,8
saccharine,8
iron,8
pink,8
coarse,8
makes,8
produce,8
view,8
identity,8
science,8
ave,8
kilometres,8
leaves,8
escape,8
pale,8
stew,8
third,8
entire,8
blades,8
write,8
mattered,8
gun,8
utter,8
trees,8
talked,8
chess,8
worn,8
sinking,8
anti-sex,8
send,8
succeeded,8
technical,8
seized,8
fall,8
paid,8
ignorance,8
dressed,8
newspapers,8
warfare,8
decided,8
aeroplanes,8
command,8
kinds,8
citizen,8
dare,8
equally,8
rhyme,8
agreed,8
happy,8
expressionless,8
noisy,8
jobs,8
ideas,8
born,8
hiding-place,8
absolute,8
opinions,8
chose,8
cafe,8
sign,8
putting,8
cried,8
orthodox,8
bound,8
instrument,8
begin,8
draw,8
faded,8
frontiers,8
pick,8
tobacco,8
advance,8
wear,8
ultimately,8
halted,8
permanent,8
wished,8
2,8
reflected,8
pass,8
gutenberg,8
flash,8
tear,8
version,8
ogilvy,8
unmistakable,8
connected,7
everyday,7
defeated,7
australia,7
wiped,7
space,7
inconceivable,7
hit,7
unusual,7
tray,7
beaten,7
vivid,7
trial,7
sea,7
dying,7
rid,7
aloud,7
fifties,7
involved,7
serious,7
sabotage,7
shout,7
packet,7
neither,7
hierarchical,7
press,7
eight,7
hot,7
material,7
fragments,7
extent,7
learned,7
description,7
shaking,7
doorway,7
sufficiently,7
turning,7
knee,7
giving,7
reach,7
socialism,7
smaller,7
area,7
nervous,7
frame,7
prole,7
twelve,7
plaster,7
aged,7
forms,7
needle,7
keeping,7
courage,7
liked,7
scrap,7
project,7
school,7
notice,7
family,7
anybody,7
routine,7
pour,7
murder,7
deeper,7
record,7
deeply,7
retained,7
rapidly,7
dim,7
games,7
somebody,7
rebellion,7
camp,7
survive,7
roar,7
clearly,7
strip,7
conditions,7
presumably,7
contain,7
grave,7
bugs,7
appear,7
useless,7
concealed,7
territory,7
fairly,7
due,7
marked,7
mercy,7
delicate,7
films,7
return,7
lights,7
spy,7
ugly,7
happiness,7
plan,7
ankle,7
dull,7
shelf,7
questions,7
list,7
forced-labour,7
rewritten,7
loose,7
sixty,7
couldn,7
committee,7
mask,7
presence,7
barman,7
texture,7
astonishing,7
stupidity,7
surely,7
goes,7
yesterday,7
arrest,7
continue,7
clasped,7
evenings,7
died,7
issue,7
emotions,7
unbearable,7
refused,7
cheek,7
unless,7
touching,7
reduced,7
try,7
closed,7
marching,7
shade,7
haven,7
agree,7
photographs,7
cheeks,7
thought-criminals,7
confessing,7
pipe,7
drink,7
game,7
fit,7
disease,7
stairs,7
enthusiasm,7
tone,7
demanded,7
concrete,7
possess,7
desirable,7
forty,7
largely,7
heretic,7
supply,7
row,7
quiet,7
laughter,7
uniform,7
accepted,7
jones,7
pretty,7
assume,7
tramp,7
handed,7
mad,7
south,7
involving,6
received,6
bone,6
laughing,6
belonged,6
surrounded,6
grow,6
evil,6
begun,6
production,6
constructed,6
counter,6
slept,6
father,6
account,6
terrifying,6
becoming,6
facing,6
deliberate,6
shoes,6
gradually,6
asking,6
ship,6
kicking,6
toes,6
pattern,6
sang,6
stars,6
letters,6
significance,6
green,6
falsification,6
pleasure,6
universe,6
glanced,6
exercise,6
wandering,6
afraid,6
adding,6
spirit,6
summer,6
deal,6
dingy,6
statement,6
rat,6
unorthodox,6
suffering,6
songs,6
definite,6
prevailing,6
marched,6
aims,6
statue,6
foreign,6
average,6
leg,6
acts,6
sane,6
according,6
relief,6
direct,6
taste,6
inequality,6
handle,6
bare,6
comparison,6
thrust,6
laying,6
poverty,6
sunlight,6
sugar,6
angle,6
slip,6
phrase,6
hoped,6
result,6
borne,6
mysterious,6
blank,6
fright,6
touched,6
throw,6
stirring,6
playing,6
invention,6
trick,6
ragged,6
stronger,6
yell,6
definitely,6
golden,6
crushed,6
sharp,6
bowed,6
pan,6
emerged,6
certainly,6
translation,6
issued,6
instinctively,6
desk,6
rival,6
cover,6
meeting,6
rumours,6
train,6
clearing,6
proper,6
nineteenth,6
areas,6
recognition,6
steps,6
periods,6
expect,6
sentence,6
track,6
revolt,6
actions,6
perceived,6
daylight,6
dragged,6
upright,6
whispered,6
twenty-three,6
owe,6
ashes,6
fewer,6
grammes,6
parted,6
secure,6
habits,6
sixties,6
reference,6
overwhelming,6
grasp,6
twist,6
eleventh,6
servants,6
audience,6
switch,6
function,6
heresies,6
hopeless,6
battered,6
meals,6
silence,6
output,6
c,6
containing,6
incapable,6
theory,6
fight,6
obliged,6
type,6
apparent,6
announcement,6
adjectives,6
pair,6
market,6
holes,6
higher,6
changing,6
farthings,6
guilty,6
objects,6
loyalty,6
alley,6
rewrite,6
ends,6
sensation,6
proletarian,6
recall,6
reasons,6
trouble,6
verb,6
economic,6
steadily,6
intolerable,6
appeal,6
finger,6
sour,6
taught,6
trucks,6
features,6
discovered,6
development,6
style,6
withers,6
deadly,6
crimestop,6
fully,6
noun,6
mansions,6
telling,6
cheekbones,6
instantly,6
familiar,6
dirt,6
mentioned,6
treachery,6
glorious,6
meanwhile,6
interesting,6
achieved,6
lottery,6
hips,6
demonstrations,6
standard,6
tune,6
faintly,6
china,6
continuously,6
discover,6
placed,6
birth,6
ministries,6
especially,6
base,6
dreadful,6
north,6
shock,6
animals,6
overthrown,6
anyway,6
products,6
trusted,6
subjects,6
truly,6
innumerable,6
alliance,6
directly,6
sash,6
controlled,6
eating,6
bright,6
rapid,6
precisely,6
address,6
countless,6
metre,6
pools,5
recognize,5
map,5
watch,5
approached,5
opposition,5
servant,5
extraordinarily,5
circumstances,5
hence,5
flooded,5
tore,5
crime,5
wondering,5
complex,5
classes,5
extinct,5
dealing,5
motive,5
fancy,5
systematically,5
plain,5
entrails,5
greatest,5
battles,5
wouldn,5
drinking,5
ninth,5
dusty,5
litre,5
fat,5
faced,5
bore,5
wandered,5
replaced,5
hurrying,5
inhabitants,5
stepping,5
hung,5
directing,5
motives,5
unrolled,5
completed,5
normally,5
newspaper,5
bluebells,5
microphone,5
interminable,5
reduction,5
dreamed,5
technique,5
economy,5
totally,5
allow,5
doors,5
tin,5
caption,5
seeming,5
report,5
cling,5
criminals,5
cutting,5
sake,5
interval,5
smiled,5
lump,5
nagging,5
leapt,5
ignored,5
uniforms,5
granted,5
mirror,5
chief,5
melted,5
chessboard,5
unnecessary,5
suit,5
terrified,5
handwriting,5
lists,5
harsh,5
assumed,5
sick,5
ring,5
occasion,5
factories,5
accept,5
stretch,5
violently,5
permitted,5
seat,5
devoted,5
old-fashioned,5
unconsciousness,5
soap,5
forbidden,5
preliminary,5
backwards,5
guardian,5
battle,5
count,5
addition,5
blown,5
mine,5
automatic,5
reporting,5
roughly,5
indian,5
starving,5
unquestionably,5
distinction,5
squeeze,5
divided,5
civilization,5
drawer,5
coughing,5
lit,5
pressure,5
created,5
ticking,5
bending,5
civil,5
blackness,5
lackeys,5
conceivable,5
waste,5
cheap,5
ice,5
staying,5
minority,5
physically,5
persons,5
article,5
trembling,5
ranks,5
articles,5
rhymes,5
possessed,5
present-day,5
hike,5
flesh,5
ink,5
sandy-haired,5
wherever,5
bald,5
immortal,5
curiosity,5
wait,5
hanged,5
excuse,5
denounced,5
eh,5
humming,5
suffer,5
check,5
permanently,5
thumb,5
distant,5
bushes,5
neat,5
grimy,5
twenty-four,5
foreseen,5
chairs,5
catch,5
consumption,5
follows,5
snap,5
waking,5
sprang,5
oneself,5
fed,5
beliefs,5
intermittently,5
greater,5
fitted,5
speaker,5
depends,5
smashed,5
doesn,5
spot,5
bullets,5
perpetuating,5
rage,5
tendency,5
burned,5
poor,5
oceanic,5
extended,5
wrenched,5
composed,5
bang,5
built,5
hysteria,5
ending,5
needing,5
connexion,5
resettled,5
overheard,5
rolling,5
conquer,5
unimportant,5
temptation,5
discipline,5
removed,5
box,5
consider,5
shutting,5
backward,5
comfort,5
leader,5
meal,5
april,5
frail,5
included,5
bleeding,5
spread,5
tillotson,5
beforehand,5
slave,5
furniture,5
sorry,5
bits,5
dark-haired,5
cap,5
2050,5
legs,5
alteration,5
pouring,5
fill,5
fortress,5
sheer,5
corners,5
capitalist,5
junk-shop,5
nerve,5
arrived,5
privilege,5
tremendous,5
claim,5
bird,5
degrees,5
locked,5
naturally,5
beetle-like,5
sold,5
arrange,5
grasped,5
glimpse,5
tightly,5
forced,5
kick,5
breathing,5
search,5
rebel,5
remaining,5
lift,5
lungs,5
land,5
swift,5
contradictory,5
forearms,5
processions,5
waiter,5
bulletin,5
matters,5
gateleg,5
astonished,5
duty,5
amateur,5
concept,5
mostly,5
wrist,5
board,5
disputed,5
forgery,5
saving,5
limited,5
tip,5
scores,5
corridors,5
historical,5
returned,5
quarters,5
capitalism,5
espionage,5
trials,5
hereditary,5
existing,5
forehead,5
three-year,5
daily,5
jacket,5
decisive,5
referred,5
business,5
examined,5
eyelids,5
mild,5
roaring,5
spasm,5
efficiency,5
engraving,5
drawn,5
youthful,5
judged,5
interrogation,5
organized,5
image,5
hats,5
saucepan,5
slaves,5
fair,5
oil,5
lonely,5
islands,5
signal,5
recorded,5
skull-faced,5
activities,5
asked,5
founded,5
weight,5
electric,5
bullet,5
drugs,5
noun-verb,5
indoors,5
solitude,5
indifferently,5
share,5
pace,5
risk,5
imaginary,5
friendship,5
dared,5
assembled,5
executed,5
raising,5
justice,5
illusion,5
sole,5
cellars,5
objective,5
twenty-five,5
showed,5
adopted,5
swing,5
speed,5
flashed,4
superseded,4
column,4
stations,4
coin,4
muscular,4
explain,4
cardboard,4
overthrow,4
stomach,4
catapult,4
nearest,4
obsolete,4
yells,4
coral,4
character,4
film,4
pause,4
windowless,4
session,4
flats,4
undertaken,4
pride,4
doomed,4
escaped,4
cared,4
experts,4
trays,4
mug,4
stern,4
propaganda,4
shabby,4
implied,4
boredom,4
strapped,4
chap,4
stated,4
disappear,4
swarming,4
exposed,4
discovery,4
heresy,4
living-room,4
constant,4
hungry,4
agent,4
alterable,4
climbed,4
railway,4
rise,4
starting,4
documentary,4
luck,4
smelt,4
rooms,4
itching,4
selling,4
chest,4
considered,4
safeguard,4
russian,4
rubbed,4
eagerly,4
rash,4
drank,4
softly,4
cheering,4
principal,4
lose,4
mystical,4
darts,4
preserve,4
thought-criminal,4
induced,4
comprises,4
minipax,4
drawing,4
queue,4
answered,4
grouping,4
landscape,4
admitted,4
virtue,4
philosophy,4
heat,4
archaic,4
satisfaction,4
dealt,4
mistaken,4
forgetting,4
mysteriously,4
marriage,4
silenced,4
chanced,4
parents,4
exact,4
opportunity,4
black-uniformed,4
choice,4
boiled,4
lean,4
loving,4
genuine,4
cast,4
hostile,4
presented,4
shorter,4
twigs,4
innocent,4
conqueror,4
recently,4
covering,4
sounded,4
tempted,4
side-street,4
guilt,4
title,4
contempt,4
driven,4
india,4
velvet,4
desperate,4
arrive,4
savage,4
cowardly,4
preparation,4
cabbage,4
phrases,4
obey,4
wooden,4
money,4
spreading,4
suppressed,4
climax,4
compared,4
resembled,4
appropriate,4
bringing,4
fortresses,4
threw,4
whereabouts,4
peaceful,4
ultimate,4
5,4
centres,4
younger,4
surprising,4
bear,4
task,4
proletarians,4
angry,4
syllables,4
prostitution,4
takes,4
race,4
questioning,4
metallic,4
content,4
grammatical,4
tablet,4
cracked,4
fetched,4
interrupted,4
intensity,4
pretend,4
chop,4
fatter,4
dimly,4
iii,4
thirty-five,4
tolerant,4
warmth,4
prisoner,4
grass,4
unavoidable,4
straightened,4
persuade,4
liable,4
ease,4
good-bye,4
central,4
outwards,4
struggling,4
mouths,4
volume,4
copies,4
washtub,4
mines,4
greatly,4
create,4
glad,4
demeanour,4
hide,4
carpet,4
recognizing,4
occasional,4
portrait,4
charged,4
splendid,4
falsified,4
contrived,4
problems,4
centuries,4
closer,4
bigger,4
meetings,4
airstrip,4
reverence,4
orders,4
denouncing,4
trumpet,4
nodded,4
purity,4
casually,4
active,4
decade,4
successful,4
accepting,4
blind,4
mantelpiece,4
aeroplane,4
nineteenth-century,4
ashamed,4
unalterable,4
duck,4
thicker,4
unconquerable,4
blissful,4
wrist-watch,4
mistakes,4
capital,4
painful,4
masters,4
speeches,4
annihilated,4
alignment,4
surplus,4
raise,4
string,4
studying,4
encouraged,4
intelligible,4
shops,4
washed,4
lane,4
plank,4
wings,4
hikes,4
ideology,4
edges,4
sexcrime,4
city,4
approach,4
miserable,4
staring,4
wine,4
questioners,4
truncheon,4
murmuring,4
liquid,4
primitive,4
cells,4
weak,4
trace,4
feeble,4
etc,4
paradise,4
social,4
boat,4
sye,4
switched,4
muscles,4
paint,4
absolutely,4
failure,4
undesirable,4
oblong,4
executions,4
logic,4
thrush,4
automatically,4
invisible,4
nostrils,4
thirty-nine,4
spanner,4
alf,4
announced,4
journey,4
rulers,4
knight,4
wisdom,4
friendly,4
hurt,4
fender,4
smashing,4
anxious,4
block,4
tenth,4
revived,4
distinguishable,4
fascinated,4
moustache,4
jest,4
town,4
painfully,4
promising,4
glittering,4
sacrificed,4
uneasy,4
item,4
tea,4
rigidly,4
cares,4
underclothes,4
surrender,4
tall,4
whimpering,4
collective,4
scalp,4
hall,4
arrests,4
youths,4
irregular,4
revolutions,4
oppressed,4
infallible,4
unorthodoxy,4
encourage,4
ancestral,4
admission,4
abandoned,4
decanter,4
processes,4
closely,4
soul,4
conquered,4
methods,4
formidable,4
gleamed,4
provided,4
secretly,4
dislike,4
property,4
brutal,4
recalled,4
sweet,4
organizations,4
voluntary,4
b-b,4
god,4
patch,4
openly,4
suggestion,4
training,4
regained,4
arrow,4
darkening,4
express,4
upstairs,4
wild,4
personal,4
probable,4
southward,4
despised,4
benefit,4
appointed,4
statistics,4
folded,4
nightmare,4
imposed,4
errors,4
bumped,4
immediate,4
jerk,4
tinny,4
swallowing,4
verbs,4
backbone,4
systems,4
secondary,4
gives,4
basement,4
described,4
hurried,4
banged,4
swam,4
clasping,4
murmur,4
saboteurs,4
momentarily,4
weeping,4
subtle,4
remains,4
basis,4
kicks,4
pressing,4
intently,4
rectify,4
crash,4
gods,4
bath,4
worship,4
wainscoting,4
entertainment,4
tom,4
communication,4
comfortable,4
occurring,4
ink-pencil,4
worry,4
establish,4
explosion,4
ruins,4
results,4
prove,4
endure,4
forecasts,4
weakness,4
sink,4
knelt,4
arm-chair,4
brutes,4
indefinitely,4
startled,4
jam,4
regularly,4
independent,4
socialist,4
roof,4
83,4
february,4
inviolate,4
generations,4
foreigners,4
pamphlets,4
flattened,4
contradictions,4
breasts,4
slight,4
varied,4
knocking,4
swimming,4
repeat,4
chopper,4
drop,4
route,4
regarded,4
information,4
survived,4
push,4
truncheons,4
evident,4
palpable,4
nineteen,4
scattered,4
purged,4
pretending,4
materials,4
tired,4
printed,4
plastered,4
remote,4
kilometre,4
mechanical,4
ocean,4
crimethink,4
minitrue,4
lectures,4
funny,4
persisted,4
pay,4
whereas,4
hallucination,4
shouted,4
whistle,4
deed,4
condition,4
detected,4
toy,4
sub-section,4
blocked,4
flogged,4
shouts,4
awkward,4
dreamy,4
scrape,4
closing,4
boughs,4
quacking,4
background,4
chosen,4
demands,4
successfully,4
trampling,4
smoke,4
frequently,4
morale,4
chastity,4
clipped,4
candle,4
strike,4
outfit,3
embrace,3
saucepans,3
art,3
inimical,3
rhythmic,3
absurd,3
operation,3
conspicuous,3
painted,3
noticing,3
travelled,3
arguing,3
lords,3
unendurable,3
intricate,3
flowers,3
oilstove,3
stove,3
consciously,3
frankly,3
oily,3
guiltily,3
clinging,3
thou,3
grim,3
intercourse,3
transferred,3
drowned,3
leaping,3
motion,3
jerked,3
outburst,3
extra,3
scale,3
crumpled,3
helicopters,3
lack,3
rags,3
uncovering,3
morality,3
pornosec,3
demonstration,3
-wise,3
precision,3
goodthinkful,3
stalls,3
fantasy,3
losing,3
demand,3
uttering,3
wet,3
combination,3
joy,3
uncertain,3
wispy,3
healthy,3
chin,3
pillow,3
loudly,3
filth,3
showing,3
rights,3
originally,3
documents,3
definitive,3
beating,3
safety,3
mongolian,3
horse,3
shirt,3
pleasant,3
copyright,3
previous,3
composite,3
euphony,3
relevant,3
paralysed,3
pegging,3
shooting,3
flags,3
sleeping,3
distances,3
sprung,3
success,3
ninety,3
fortunately,3
world-view,3
portion,3
burning,3
popular,3
occur,3
surrounding,3
crying,3
ideologically,3
expressed,3
ally,3
stick,3
wasn,3
whichever,3
obeyed,3
meaningless,3
denied,3
intermittent,3
bundle,3
fourth,3
non-existent,3
necessity,3
humanity,3
practised,3
protruded,3
degradation,3
hovering,3
roared,3
scraps,3
undoubtedly,3
park,3
boyish,3
offence,3
swollen,3
aching,3
governed,3
extend,3
waged,3
undergone,3
concepts,3
biggest,3
kicked,3
brute,3
gas,3
programmes,3
screamed,3
individuals,3
monument,3
breeze,3
bailey,3
victories,3
soup,3
kiss,3
sealed,3
ideal,3
enquiry,3
dog,3
comintern,3
sunshine,3
labyrinthine,3
atrocities,3
armaments,3
fabulous,3
shown,3
friends,3
inconvenient,3
6079,3
tasted,3
mahogany,3
wrench,3
creamy,3
protection,3
leadership,3
properly,3
buying,3
tended,3
conspiracy,3
entering,3
unbearably,3
conceivably,3
unpersons,3
rush,3
startling,3
fix,3
translated,3
delirium,3
breathe,3
cheese,3
hideous,3
frozen,3
posterity,3
palm,3
loyal,3
logical,3
pains,3
bolster,3
window-pane,3
delay,3
offensive,3
throats,3
wicked,3
grovelling,3
pyramidal,3
spring,3
cruelty,3
punishment,3
ugliness,3
penholder,3
throat,3
100,3
speciality,3
protecting,3
diapers,3
relative,3
circulated,3
religious,3
instruments,3
machinery,3
author,3
sixth,3
neighbourhood,3
minimum,3
infected,3
brief,3
treat,3
issuing,3
disgusting,3
danes,3
fretted,3
recognizable,3
setting,3
discontent,3
camps,3
sigh,3
represented,3
plus,3
pavements,3
efficient,3
feebly,3
ribs,3
distributed,3
identifiable,3
jeering,3
lifts,3
tails,3
fast,3
strictly,3
strident,3
clutching,3
suspected,3
occasions,3
wretched,3
petty,3
distinctions,3
link,3
heroes,3
tail,3
heads,3
worn-out,3
suppress,3
pretended,3
traitor,3
sighed,3
visit,3
europe,3
condemned,3
fought,3
gritty,3
abandon,3
belched,3
pronounce,3
clang,3
grammar,3
histories,3
forming,3
neutral,3
impressed,3
scrubby,3
denial,3
victim,3
self-evident,3
versions,3
territories,3
punish,3
stretching,3
leaned,3
synthetic,3
useful,3
pin,3
confused,3
instructress,3
controllable,3
inflected,3
6,3
comb,3
agents,3
gentle,3
saplings,3
negative,3
straggled,3
lunacy,3
intellectually,3
sub-machine,3
fifteen-thirty,3
cheerful,3
inscrutable,3
excited,3
compromising,3
valuable,3
broad,3
essentially,3
capitals,3
absurdity,3
im,3
gathered,3
imagination,3
purely,3
conquest,3
dials,3
hiding,3
emmanuel,3
conspiracies,3
apparently,3
grip,3
emaciation,3
illegal,3
lined,3
bb,3
entered,3
describe,3
sleepy,3
print,3
finding,3
trust,3
rouge,3
tower,3
thereabouts,3
capture,3
wander,3
enjoy,3
float,3
spend,3
proud,3
tearing,3
reasonably,3
crack,3
focus,3
fierce,3
ungood,3
flagstones,3
strategy,3
creases,3
pubs,3
rivals,3
forefinger,3
unsteadily,3
thoughtfully,3
disliked,3
designed,3
empirical,3
instincts,3
acted,3
separately,3
internal,3
inextricably,3
sacking,3
section,3
grasping,3
filling,3
eyeless,3
seamed,3
refuse,3
chinese,3
twelve-hour,3
stain,3
doctrines,3
notion,3
double,3
waiters,3
troubled,3
sheep,3
refs,3
items,3
indicated,3
attached,3
cliff,3
sniffed,3
bored,3
darning,3
coal,3
adjective,3
bowels,3
crashed,3
inevitable,3
odds,3
uncontrollably,3
dace,3
brightened,3
twice,3
despair,3
customers,3
submerged,3
questioned,3
mark,3
oozing,3
cruel,3
receive,3
strategic,3
roofs,3
swallow,3
answers,3
flight,3
shake,3
bombed,3
unintelligible,3
uses,3
claiming,3
leap,3
rubber,3
squad,3
emptied,3
prostitutes,3
treated,3
tortures,3
foresee,3
badly,3
descended,3
bold,3
spontaneous,3
unimaginable,3
w,3
perished,3
greasy,3
tool-bag,3
favoured,3
argument,3
industrial,3
necessarily,3
scratched,3
clumsy,3
gently,3
gravity,3
submarine,3
goodthink,3
separate,3
british,3
pasture,3
oldthink,3
flopped,3
preparations,3
middle-aged,3
drum,3
spun,3
mighty,3
exchanged,3
thank,3
temporarily,3
knot,3
solipsism,3
compound,3
drowning,3
dumped,3
spoon,3
helped,3
comparatively,3
chooses,3
omnipotent,3
risen,3
fading,3
fallacy,3
sound-tracks,3
minor,3
lamplight,3
trumpet-call,3
approaching,3
twenty-one,3
ache,3
drama,3
oftener,3
unpunished,3
pretext,3
expressing,3
roused,3
textbook,3
details,3
proved,3
exchange,3
hide-out,3
clue,3
symptom,3
shakespeare,3
prominent,3
abstractedly,3
artificial,3
rising,3
fail,3
preterite,3
flame,3
packets,3
cloves,3
gripped,3
planted,3
demanding,3
veins,3
novels,3
answering,3
blowing,3
tips,3
irony,3
advantage,3
dominion,3
vomit,3
defended,3
soldier,3
gasp,3
hunk,3
amount,3
wore,3
chimney-pots,3
fireplace,3
picking,3
poured,3
streak,3
literary,3
rear,3
tragic,3
1960,3
smoking,3
elbows,3
price,3
surprisingly,3
accurate,3
sordid,3
committees,3
decades,3
cartoons,3
mechanics,3
pushing,3
alcove,3
ole,3
feared,3
cubicles,3
flowed,3
cylinders,3
prizes,3
1,3
duckspeak,3
sunken,3
exaltation,3
limbs,3
neolithic,3
furtively,3
experience,3
abreast,3
mutability,3
weapons,3
hostel,3
reasoning,3
calm,3
quarrels,3
intention,3
notes,3
unconnected,3
fruit,3
incident,3
sidelong,3
lest,3
helplessly,3
lower,3
abject,3
literate,3
stones,3
northern,3
grain,3
loud,3
sounds,3
lifted,3
govern,3
files,3
sensations,3
populations,3
released,3
recollect,3
forest,3
temples,3
subsidiary,3
judge,3
half-forgotten,3
joints,3
surroundings,3
democracy,3
shortly,3
discredited,3
corrupt,3
mastered,3
significant,3
swept,3
checked,3
appealed,3
tacitly,3
hat,3
uneasiness,3
lead,3
cattle,3
fled,3
accident,3
planned,3
involuntary,3
inquisitor,3
individually,3
twinge,3
pile,3
priests,3
averted,3
sticking,3
remembering,3
recurred,3
fullwise,3
bonds,3
coloured,3
substitute,3
prefer,3
york,3
ead,3
truck,3
grandfather,3
eccentricity,3
weapon,3
inquisition,3
contorted,3
gutter,3
submission,3
stool,3
freckled,3
published,3
tricky,3
owned,3
increase,3
armed,3
pub,3
conduct,3
smash,3
straighter,3
abuse,3
supposing,3
holds,3
shining,3
4th,3
believing,3
4,3
hearing,3
cobblestone,3
safer,3
dense,3
ebook,3
value,3
astonishment,3
starvation,3
scrapped,3
slowed,3
bursting,3
steam,3
12,3
faster,3
available,3
hideously,3
release,3
european,3
killing,3
abbreviations,3
restless,3
buggers,3
universal,3
post,3
preparing,3
venereal,3
play,3
clever,3
troop,3
totalitarian,3
branch,3
arranged,3
overcome,3
odour,3
east,3
obedience,3
trickled,3
sickly,3
dont,3
quivering,3
busy,3
modern,3
practical,3
thass,3
quietly,3
malabar,3
silly,3
affection,3
stage,3
shoelaces,3
ruinous,3
clanged,3
nicknamed,3
severed,3
hurriedly,3
magnified,3
tolerated,3
lasted,3
protector,3
streamed,3
seemingly,3
shrank,3
fleeting,3
performed,3
unthinkable,3
creatures,3
caused,3
socks,3
brains,3
shows,3
stayed,3
solely,3
scraped,3
pitch,3
dark-coloured,3
instinctive,3
authority,3
heroic,3
inviting,3
elm,3
depths,3
affair,3
kissing,3
june,3
luminous,3
branches,3
sweating,3
unfamiliar,3
straps,3
abolish,3
size,3
swiftly,3
unexpectedly,3
earliest,3
quality,3
remarkable,3
tables,3
doorways,3
convenient,3
dedicated,3
fourteen,3
planes,3
onwards,3
pointing,3
conceal,3
dictatorship,3
agreement,3
alike,3
rot,3
distinguishing,3
centimetres,3
overwhelmed,3
unanswerable,3
nipped,3
pegs,3
participle,3
homes,3
machines,3
suspicion,3
courtesy,3
quantities,3
policy,3
fashion,3
pigeon,3
damn,3
stake,3
absence,3
drag,3
bunch,3
midnight,3
strolling,3
agonizing,3
filing,2
quacked,2
doubts,2
accumulation,2
tortured,2
thinkpol,2
positive,2
rebelled,2
dustbins,2
staff,2
unwise,2
wheels,2
nights,2
smelling,2
hurry,2
belfry,2
richness,2
highest,2
regularity,2
right-hand,2
futile,2
sentences,2
everlasting,2
versificator,2
chalk,2
dung,2
death-worship,2
growth,2
vaporize,2
exploded,2
turf,2
7,2
sprouted,2
generalities,2
spontaneously,2
diminution,2
crocuses,2
inflect,2
forge,2
totalitarians,2
rowdy,2
battlefield,2
bearable,2
camouflage,2
forty-five,2
resettling,2
strenuousness,2
doubleplusungood,2
briefly,2
disappearances,2
avert,2
weariness,2
faked,2
doubleplusgood,2
labour-camp,2
circle,2
jehovah,2
forecast,2
invent,2
meat,2
cobbled,2
froze,2
dripping,2
inexhaustible,2
pockets,2
highly,2
starting-point,2
plainly,2
embedded,2
vacant,2
bootlaces,2
insults,2
statistical,2
magnificent,2
saloon,2
joined,2
conviction,2
stock,2
oligarchical,2
appreciate,2
industry,2
self-abasement,2
staccato,2
clocks,2
grating,2
furious,2
shuffled,2
tastes,2
helping,2
fond,2
wilful,2
shame,2
promise,2
ghostly,2
survival,2
length,2
disguise,2
brawny,2
pronounceable,2
saint,2
office,2
element,2
half-hearted,2
childish,2
pounds,2
periodicals,2
eart-strings,2
boomed,2
hopefully,2
pictures,2
guesswork,2
asiatic,2
puddle,2
thieves,2
soil,2
intentionally,2
hinted,2
contradicted,2
gradual,2
tidal,2
textbooks,2
diseases,2
causes,2
clumsily,2
sharing,2
entail,2
sixty-two,2
speaks,2
altercation,2
bookcase,2
guise,2
ladders,2
flapped,2
unlikely,2
mingled,2
instructions,2
extremely,2
praise,2
code,2
root,2
halves,2
eternity,2
tapped,2
miniluv,2
monologue,2
motor-cars,2
rectification,2
envy,2
efforts,2
shapely,2
colder,2
bellyfeel,2
unpacked,2
servitude,2
martyrs,2
grinding,2
repeating,2
fifty-seven,2
keen,2
stuck,2
gent,2
daughter,2
streamers,2
gravely,2
whoever,2
stability,2
furnaces,2
low-ceilinged,2
alley-ways,2
inferiority,2
orator,2
occurs,2
realization,2
positions,2
luxury,2
breathed,2
communicate,2
typical,2
cheat,2
one-two,2
frequented,2
belong,2
haunted,2
ffcc,2
threaded,2
nimbly,2
8,2
stiffening,2
wallop,2
hadn,2
survives,2
speck,2
rotting,2
litter,2
bladder,2
displays,2
thigh,2
undifferentiated,2
smiles,2
muzzle,2
bedroom,2
outlines,2
paris,2
retaining,2
preserved,2
exceptions,2
jus,2
afflicted,2
steady,2
shoe,2
dangers,2
devastating,2
superior,2
colonies,2
hush,2
frenzy,2
throbbing,2
testimony,2
stunned,2
privileged,2
resting,2
dimmed,2
saved,2
blew,2
ineffectual,2
endured,2
thanks,2
discuss,2
gain,2
sack,2
slate,2
eric,2
flushed,2
launched,2
quoted,2
overcame,2
shapes,2
research,2
milton,2
add,2
85,2
eastasian,2
achievements,2
subtler,2
stricken,2
prison,2
exhausting,2
eyed,2
splinters,2
tinkling,2
religion,2
teacher,2
fitfully,2
education,2
flinched,2
quota,2
funeral,2
chamber,2
stink,2
1903-1950,2
furtive,2
fixture,2
uninterested,2
spine,2
stone,2
aroused,2
mob,2
registered,2
boundaries,2
balance,2
tapping,2
programme,2
hoisted,2
terrific,2
pierced,2
zeal,2
faintness,2
war-criminals,2
alternately,2
slips,2
remarks,2
improper,2
shaped,2
tormented,2
philosophical,2
sufficient,2
wrapped,2
smells,2
distinct,2
sagging,2
pretence,2
slanting,2
leaflets,2
discoloured,2
dye,2
distribute,2
jaw,2
grime,2
microphones,2
orgasm,2
gyroscope,2
nazis,2
one-time,2
thee,2
poems,2
sheet,2
confusion,2
indispensable,2
landing,2
tremor,2
dark-brown,2
madness,2
bloke,2
bumps,2
truths,2
cultivated,2
upper,2
thinks,2
verify,2
1930,2
greenish,2
whitish,2
sagged,2
apparatus,2
casting,2
jostled,2
frock,2
boring,2
links,2
sunday,2
reappeared,2
self-contained,2
antefiling,2
cross-referencing,2
studied,2
twisted,2
au,2
roamed,2
conclusion,2
tale,2
cancelled,2
promiscuity,2
excitedly,2
determine,2
writhed,2
denounce,2
spit,2
squatted,2
isles,2
scrubbing,2
foresaw,2
unmistakably,2
trivial,2
300,2
suspicious,2
reverie,2
approved,2
flavoured,2
mood,2
horn,2
stratosphere,2
propped,2
display,2
hordes,2
grace,2
lust,2
absorption,2
morsel,2
shelter,2
mealtimes,2
clamoured,2
animated,2
fatigue,2
evenly,2
tempo,2
gabbling,2
grounded,2
paralysing,2
barked,2
device,2
sing,2
begins,2
pang,2
translate,2
unexpected,2
proceedings,2
shone,2
defective,2
centimetre,2
burrow,2
refrained,2
rendered,2
mugs,2
convoy,2
caste,2
capacity,2
imitating,2
quailed,2
sling,2
energy,2
harm,2
method,2
vitality,2
echoed,2
shrill,2
flowing,2
forties,2
resentment,2
dance,2
all-important,2
surname,2
pulling,2
contacts,2
arose,2
jerks,2
unperson,2
letter,2
plate,2
demoralization,2
gelatinous,2
twenty-thirty,2
homosexuality,2
gulped,2
model,2
drained,2
respectively,2
influence,2
dread,2
continues,2
inspected,2
blackwhite,2
german,2
insane,2
adverbs,2
stagnant,2
hint,2
pedant,2
rigidity,2
nowhere,2
specific,2
represent,2
extract,2
sniff,2
nearness,2
slit,2
sad,2
red-armed,2
sustain,2
stair,2
influenced,2
achievement,2
gate,2
tablets,2
opeless,2
scars,2
narrowed,2
citizens,2
passion,2
gather,2
chances,2
cavernous,2
dono,2
expensive,2
malignant,2
slaughter,2
pseudonym,2
accusing,2
washing,2
rapped,2
therapy,2
shove,2
nerves,2
irrevocable,2
formulated,2
http,2
blunt,2
lucky,2
coated,2
sending,2
formation,2
resemble,2
female,2
celibacy,2
extraordinary,2
calls,2
summons,2
bedhead,2
miniplenty,2
shadowy,2
uniformity,2
belonging,2
labyrinth,2
protest,2
fields,2
drinks,2
neo-bolshevism,2
sunlit,2
decide,2
flicks,2
selfish,2
team,2
stale,2
dress,2
ironical,2
unbelievably,2
emptiness,2
mouthful,2
commanding,2
self-discipline,2
sees,2
incredulous,2
failing,2
fired,2
hunched,2
focusing,2
healing,2
drown,2
master,2
crackle,2
disproportionately,2
crushing,2
aristocracy,2
snuffbox,2
theyll,2
terribly,2
eart,2
messenger,2
dearie,2
dipped,2
hisses,2
unsatisfactory,2
serve,2
cheating,2
specialized,2
learning,2
goodsex,2
associations,2
steal,2
ridiculed,2
protected,2
primae,2
eighteen,2
untruth,2
coats,2
eternal,2
thumping,2
silver,2
hypocrites,2
muslin,2
allusion,2
equilibrium,2
followers,2
easier,2
amid,2
dignity,2
issues,2
likeliest,2
swarmed,2
straightening,2
proprietor,2
motor-car,2
impose,2
regulated,2
medley,2
rubble,2
boys,2
unforgivable,2
pouched,2
courts,2
cries,2
victims,2
inflicted,2
pact,2
infer,2
iron-shod,2
acid,2
induce,2
despatches,2
feminine,2
bandits,2
hardship,2
tones,2
basin,2
spurious,2
appendix,2
disgustedly,2
rubbishy,2
pad,2
lar,2
curved,2
make-up,2
cheekbone,2
rain,2
chattering,2
contracted,2
annihilation,2
punishable,2
attendants,2
stiffened,2
orwell,2
nothingness,2
corrected,2
praising,2
goodness,2
noctis,2
supposedly,2
cunning,2
stable,2
lacked,2
babies,2
sleeplessness,2
equator,2
accomplishes,2
harmless,2
mentally,2
upsub,2
nipper,2
booming,2
expropriated,2
all-powerful,2
imagining,2
nests,2
outline,2
accused,2
awakened,2
foreknowledge,2
corn,2
indirectly,2
thickened,2
anonymous,2
jargon,2
re-adjusted,2
execution,2
matches,2
hypnotic,2
steamer,2
mouthpiece,2
assailed,2
buried,2
inconceivably,2
imbecile,2
penetrated,2
creaking,2
hunt,2
poet,2
corpse,2
blanket,2
loosened,2
towered,2
supple,2
flying,2
recreations,2
shades,2
gets,2
climate,2
distinguish,2
patriotism,2
canada,2
arst,2
half-litres,2
crudest,2
twig,2
thinness,2
provide,2
humiliation,2
merciless,2
etymological,2
seats,2
subtly,2
undid,2
stupor,2
editions,2
cost,2
deviations,2
neighbours,2
lighted,2
foot,2
stolen,2
sensuality,2
recovered,2
syllable,2
dodge,2
brainy,2
bloated,2
cloud,2
trap,2
directive,2
immobile,2
convinced,2
inefficient,2
cured,2
hostility,2
refer,2
inscription,2
vanquished,2
nineteen-thirty,2
mystique,2
ball,2
queer,2
seventy,2
gold,2
noted,2
burying,2
eliminated,2
shins,2
misprints,2
quack,2
leaders,2
pointed,2
luxuries,2
occupy,2
darted,2
bow,2
unwillingly,2
tendencies,2
fascination,2
paces,2
reports,2
discussion,2
support,2
opposites,2
motioned,2
arriving,2
remnants,2
excitement,2
offer,2
explanation,2
lands,2
birds,2
sub-committee,2
mediterranean,2
proletariat,2
mocking,2
fornication,2
discontented,2
charge,2
status,2
congo,2
seems,2
heaps,2
wonder,2
stupidly,2
translations,2
latest,2
drifted,2
grandchildren,2
enjoyment,2
vividly,2
puddles,2
overcoat,2
frequent,2
faintest,2
earthly,2
devoured,2
chain,2
rendezvous,2
deviation,2
unseen,2
poorer,2
grabbed,2
love-affair,2
predestined,2
simplest,2
sucked,2
reduce,2
sleeves,2
renting,2
blackberry,2
developing,2
ignorant,2
drive,2
machine-gun,2
corruption,2
single-mindedness,2
stump,2
moves,2
established,2
overt,2
gleam,2
football,2
lunge,2
accurately,2
mate,2
schoolchildren,2
ambivalent,2
august,2
sub,2
states,2
abbreviating,2
physique,2
suicidal,2
impulses,2
contemplated,2
pillowed,2
stretched,2
acceptance,2
tradition,2
perched,2
fundamental,2
announce,2
pole,2
desert,2
enter,2
flames,2
dampness,2
rainwatery,2
relation,2
argued,2
frank,2
seizing,2
sheep-like,2
anger,2
springy,2
grille,2
so-called,2
indifference,2
inflamed,2
armies,2
activity,2
wise,2
half-remembered,2
prevented,2
pulse,2
posts,2
stopping,2
cease,2
pronounced,2
lettering,2
didnt,2
clump,2
devices,2
brick-red,2
lawyers,2
mattress,2
difficulties,2
explained,2
conflicted,2
favouritism,2
endlessly,2
bushy,2
crowds,2
net,2
pursued,2
specialist,2
gaping,2
horizontal,2
-nine,2
milky,2
detect,2
ripped,2
communists,2
embodied,2
ebooks,2
jointed,2
bathroom,2
rays,2
correct,2
uninhabited,2
demonstrating,2
adherents,2
encouragement,2
confidence,2
teams,2
reminiscently,2
continuing,2
disregarded,2
1973,2
black-market,2
acrorss,2
bothered,2
underlying,2
prolefeed,2
enveloping,2
grief,2
entrusted,2
divorce,2
1925,2
mongolia,2
attitudes,2
fists,2
house-front,2
carriages,2
outlet,2
amusement,2
reasserted,2
articulate,2
forgiven,2
click,2
vanishing,2
works,2
sixteen,2
preceding,2
bombing,2
levels,2
recover,2
reaction,2
tedious,2
excellent,2
parades,2
acquired,2
coast,2
increasing,2
resists,2
plugged,2
dragging,2
1983,2
byron,2
eliminating,2
lavatories,2
half-darkness,2
woken,2
indestructible,2
collectivism,2
reflect,2
behaviour,2
scrutinized,2
despicable,2
dummy,2
newsflash,2
predict,2
impenetrable,2
scholarly,2
counterpane,2
cyclical,2
signed,2
plurals,2
upheavals,2
hedge,2
drove,2
sham,2
skeleton,2
ipril,2
vital,2
identifying,2
bruised,2
proving,2
road,2
missing,2
friendliness,2
maintains,2
regard,2
degree,2
smear,2
derivation,2
kids,2
transferring,2
heavily,2
downwards,2
tucked,2
defined,2
hullo,2
barricades,2
nearby,2
daydream,2
trailing,2
technician,2
pencil,2
jewish,2
hearts,2
overfulfilled,2
imposture,2
delight,2
stands,2
periodical,2
irreconcilable,2
belongings,2
pardon,2
unbidden,2
terrace,2
depended,2
appeals,2
reserve,2
possibilities,2
searching,2
dug,2
hang,2
pacific,2
bubble,2
ruined,2
politically,2
tableaux,2
secretary,2
attractive,2
kettle,2
entailed,2
waxworks,2
loss,2
outlook,2
doubling,2
beatings,2
vile,2
orators,2
long-dead,2
satisfied,2
manoeuvre,2
willingness,2
subjected,2
covers,2
foot-track,2
departments,2
forgot,2
achieving,2
formality,2
preferred,2
teacupful,2
continuity,2
recapture,2
yenas,2
poison,2
manual,2
childbearing,2
cooking,2
theories,2
scribbled,2
error,2
interests,2
stored,2
embarrassing,2
interior,2
pillars,2
hazel,2
ramifications,2
bleating,2
equivocal,2
hunting-down,2
survivors,2
shower,2
deliver,2
clatter,2
stratified,2
forests,2
packed,2
aren,2
84,2
poem,2
unit,2
frenzies,2
attraction,2
unvarying,2
imperfectly,2
bend,2
sailors,2
communist,2
directions,2
swelled,2
disposal,2
fool,2
rifle,2
around,2
freeze,2
skirt,2
intimately,2
faith,2
bough,2
tuft,2
genuinely,2
handsome,2
mournful,2
ingrained,2
meditatively,2
plots,2
guns,2
banner,2
awye,2
drivelling,2
lifetime,2
peoples,2
infallibility,2
combine,2
sturdy,2
dreary,2
savings,2
frequenting,2
catalogue,2
mothers,2
intellect,2
risks,2
sheltering,2
disseminate,2
angle-joint,2
pausing,2
finish,2
waving,2
colours,2
wrenching,2
practicable,2
architecture,2
self-deception,2
extreme,2
sessions,2
black-moustachio,2
chanted,2
willow,2
aback,2
store,2
pleased,2
southern,2
clasp,2
joycamp,2
luckily,2
jews,2
equatorial,2
marbled,2
thrown,2
blankets,2
involves,2
spots,2
threatened,2
fiercely,2
cleared,2
20,2
corrections,2
pudgy,2
scribbling,2
enthusiastic,2
underfoot,2
mindless,2
murdered,2
arbitrary,2
unrepentant,2
roots,2
invincible,2
subordinate,2
drunk,2
secrets,2
underneath,2
nursing,2
sets,2
goodthinker,2
kilo,2
ferocity,2
clothing,2
eagerness,2
advantages,2
uselessness,2
precious,2
splitting,2
western,2
solution,2
impregnable,2
stir,2
sticky,2
latent,2
senile,2
snatches,2
fate,2
hip,2
mans,2
trusting,2
rode,2
lady,2
rosewood,2
lusty,2
vigour,2
captured,2
drudgery,2
rightly,2
join,2
atlantic,2
batteries,2
beard,2
molehill,2
buttocks,2
dayorder,2
biological,2
stem,2
lapse,2
construction,2
intimidating,2
ability,2
mending,2
over-production,2
upwards,2
apron,2
including,2
mankind,2
adverb,2
wanting,2
bristled,2
squeak,2
watchful,2
dutifully,2
jolted,2
transformed,2
bag,2
uninteresting,2
pouches,2
tickled,2
oligarchies,2
whirling,2
hovered,2
commonly,2
regular,2
russia,2
winning,2
wordless,2
african,2
hypnosis,2
mike,2
stripped,2
philosophies,2
assisted,2
patrol,2
whereupon,2
pornography,2
keenness,2
waves,2
fist,2
humiliated,2
publicly,2
glances,2
dates,2
inherent,2
ruled,2
urinate,2
rod,2
howling,2
habitual,2
nought,2
sir,2
softness,2
shook,2
weaken,2
unlike,2
porcelain,2
revealing,2
gilded,2
rectified,2
george,2
prize-fighter,2
spoonfuls,2
permit,2
deny,2
footpath,2
incredulity,2
green-shaded,2
striking,2
novel-writing,2
scenery,2
admiration,2
scarcity,2
stout,2
embezzlement,2
eyebrows,2
fanatic,2
whisper,2
arts,2
shiny,2
funds,2
falsifying,2
speculations,2
syringe,2
affairs,2
chanting,2
served,2
sadly,2
shudder,2
answerable,2
tenderness,2
hardened,2
keyhole,2
accordingly,2
larynx,2
blurry,2
slightest,2
tooth,2
platform,2
owns,2
mates,2
verbal,2
paragraph,2
stiffen,2
solved,2
overflowing,2
transformation,2
disgust,2
smart,2
leaning,2
deafening,2
letting,2
calculate,2
frantically,2
beat,2
loneliness,2
lighter,2
000,2
villages,2
indirect,2
rockets,2
planning,2
lank,2
exhibit,2
primary,2
total,2
beggars,2
remoter,2
cooking-pots,2
portions,2
effects,2
centralized,2
misunderstanding,2
sharply,2
boot,2
exaggerated,2
coincidence,2
inferior,2
shirk,2
weather,2
slab,2
shortage,2
pages,2
statuesque,2
raid,2
clicked,2
apologetically,2
welled,2
pleasures,2
frontier,2
emotional,2
kindly,2
nameless,2
rock,2
afford,2
asia,2
privacy,2
loyalties,2
laugh,2
handfuls,2
tumbling,2
corresponding,2
fish,2
obscure,2
thirties,2
pannikin,2
cat-o,2
thinkers,2
tyranny,2
nib,2
flow,2
snow,2
solitary,2
kaleidoscopes,2
independence,2
snakes,2
tie,2
fiddling,2
gasps,2
piercing,2
scrounging,2
troop-leader,2
undo,2
honesty,2
delusion,2
toilet,2
vaporizations,2
hoarding,2
doubted,2
comma,2
advanced,2
integrity,2
elaborate,2
blair,2
truck-load,2
forcing,2
convulsive,2
wash,2
struggled,2
-ful,2
conspirators,2
regulation,2
opponent,2
torment,2
snivelling,2
exercises,2
lain,2
roughened,2
sound-track,2
crowding,2
superfluous,2
posted,2
abstract,2
incidents,2
shirts,2
trumpets,2
disproved,2
ealth,2
ridiculous,2
alert,2
baize,2
devised,2
pig-iron,2
cramped,2
employed,2
recurring,2
reg,2
noticeable,2
product,2
tiredness,2
potatoes,2
peculiarities,2
anchored,2
tis,2
cloth,2
appealing,2
swear,2
languages,2
differences,2
imprisonment,2
laundering,2
transfer,2
profound,2
urinal,2
wrung,2
curtain,2
eals,2
dome,2
formations,2
wound,2
notebook,2
muttering,2
incriminate,2
grizzled,2
boiling,2
native,2
plug,2
drug-peddlers,2
enjoyed,2
beastly,2
term,2
responsible,2
eighty,2
moment-to-moment,2
solemn,2
paler,2
betrayal,2
bases,2
liberal,2
trained,2
drunks,2
mixture,2
march,2
stooped,2
bumstead,2
joining,2
mist,2
humble,2
threat,2
stroke,2
brazzaville,2
ceases,2
gained,2
international,2
camera,2
civilized,2
cleaned,2
measurable,2
legend,2
vagueness,2
insanity,2
considerable,2
disarming,2
merit,2
pale-coloured,2
exception,2
puritanism,2
agitation,2
vehicles,2
carriage,2
ray,2
subdivided,2
disposes,2
increases,2
oligarchy,2
decision,2
colourless,2
pistol,2
collect,2
affected,2
trampled,2
researches,2
addressing,2
ranges,2
plaque,2
tubes,2
145,2
sideways,2
accent,2
cool,2
persecution,2
eighty-four,2
stories,2
glaring,2
flank,2
nations,2
aint,2
cough,2
seriously,2
commotion,2
churches,2
urgent,2
catholic,2
rodent,2
thighs,2
rough,2
december,2
drawed,2
distribution,2
collectively,2
deaths,2
emerge,2
heels,2
multitude,2
implicate,2
resist,2
geographical,2
millimetre,2
shalt,2
affix,2
online,1
transmitted,1
cramp,1
persist,1
cubs,1
waters,1
painters,1
solemnity,1
imitation,1
hitched,1
cautious,1
febrile,1
squealing,1
ceylon,1
currents,1
wields,1
precautionary,1
poetry,1
tripping,1
harder,1
spared,1
reintegration,1
undercharged,1
biting,1
brackets,1
duckspeaker,1
sanguine,1
procured,1
sequel,1
registers,1
disreputability,1
rolls,1
plausibly,1
include,1
clank-clank,1
variations,1
reverting,1
brilliantly,1
long-shaped,1
clawing,1
fraternity,1
realizable,1
television,1
excluded,1
sceptical,1
crust,1
oddly,1
self-contradiction,1
vibrate,1
partially,1
nausea,1
spurts,1
drafting,1
stealed,1
agonizingly,1
likelier,1
haunt,1
achieve,1
vegetables,1
sprawling,1
hockey,1
boulders,1
postpone,1
lark,1
tinier,1
dusted,1
pilfering,1
limb,1
refrigerator,1
horseflesh,1
neutralized,1
plexus,1
indiscretion,1
saliva,1
decay,1
didactically,1
good-thinking,1
differed,1
lifeboat,1
dishes,1
genially,1
incompatible,1
waistline,1
niggling,1
gymnastics,1
extension,1
blazed,1
undetected,1
impatiently,1
romantic,1
title-page,1
portugal,1
quadrilateral,1
interstellar,1
destructiveness,1
intact,1
declining,1
abundantly,1
wash-basin,1
jailbird,1
hating,1
admitting,1
goodest,1
foregoing,1
signatures,1
trampled-on,1
ear-splitting,1
erasure,1
debate,1
inhabited,1
in-laws,1
awoke,1
traffic,1
sawing,1
counter-attack,1
utmost,1
mattresses,1
top-storey,1
vilifies,1
van,1
waxed-faced,1
relearn,1
mathematicians,1
invariable,1
gestapo,1
page-ends,1
joint,1
documentation,1
dinned,1
parasites,1
briskly,1
mogol,1
reddened,1
subsided,1
worried,1
strongest,1
graduate,1
unsatisfying,1
preoccupied,1
leant,1
sanctimonious,1
evil-tasting,1
intend,1
rejected,1
excluding,1
-est,1
render,1
spirals,1
crazy,1
briefcase,1
inaudibly,1
breed,1
stocks,1
triumphing,1
airfield,1
axiom,1
pugnaciously,1
floorspace,1
displacing,1
safest,1
introduction,1
burner,1
ravages,1
well-appointed,1
suspended,1
successors,1
priest,1
recrossing,1
light-years,1
astronomy,1
schoolmasterish,1
endowed,1
landed,1
repair,1
abbreviated,1
gesticulating,1
hairy,1
repositories,1
up-to-dateness,1
fanatically,1
15,1
mountain,1
up-and-down,1
boyhood,1
spilt,1
clawed,1
riotous,1
ice-cap,1
world-power,1
skull-like,1
forsook,1
dived,1
attempted,1
judgements,1
convenience,1
teledep,1
soldiers,1
encircle,1
evicted,1
raspingly,1
carelessness,1
grouped,1
returns,1
copied,1
violets,1
worthless,1
cinders,1
pathos,1
markets,1
polits,1
perturbed,1
eminent,1
bewilderment,1
expend,1
curvature,1
outflank,1
uncold,1
anthologies,1
instruction,1
uncle,1
devotion,1
beget,1
insecurity,1
sawdust,1
nostalgia,1
enrolling,1
touching-up,1
rhythm,1
manoeuvrings,1
sandwiches,1
schools,1
jerky,1
scream,1
organism,1
species,1
tacked,1
ruggedly,1
buildings,1
polysyllabic,1
strangers,1
batter,1
scrubbed,1
nouns,1
senses,1
communal,1
200,1
hook-nosed,1
sorts,1
imaginable,1
robbing,1
beginnings,1
rapings,1
cylinder,1
speeded,1
ambitious,1
skipped,1
mid-day,1
utilitarian,1
meagreness,1
dwellings,1
defiler,1
consisting,1
edified,1
bolts,1
discredit,1
effigy,1
youthfulness,1
assent,1
annihilating,1
continually,1
experimental,1
formal,1
rhine,1
phraseology,1
interchange,1
awakening,1
extorted,1
weighed,1
worrying,1
negatived,1
superlatively,1
surprised,1
borrowed,1
ratholes,1
pattered,1
kisses,1
undermine,1
lipstick,1
panics,1
homeless,1
australasia,1
firmness,1
livid,1
floors,1
leather,1
burn,1
deceiving,1
scaly,1
unconsciously,1
separated,1
commoner,1
rice-spirit,1
subsequent,1
reek,1
metal-topped,1
goldsteinism,1
alighted,1
spanking,1
throwing,1
prettier,1
schooldays,1
horrify,1
toward,1
voluptuous,1
manchuria,1
flower,1
loins,1
rounder,1
marx,1
parody,1
fathoms,1
mustard,1
mistaking,1
downhill,1
self-denial,1
sheets,1
rackety,1
interfering,1
sentiment,1
wass,1
spinal,1
imperial,1
commune,1
etymology,1
disgrace,1
chaucer,1
prostitute,1
noses,1
shuffling,1
peered,1
gravitates,1
ripping,1
gaps,1
rallied,1
boo,1
swum,1
servant-like,1
dock-worker,1
exerted,1
embraces,1
politicals,1
clenching,1
yellowish,1
cherish,1
layers,1
incredible,1
variation,1
karl,1
currency,1
dulled,1
commanded,1
porpoise,1
granddaughter,1
gracefully,1
multifarious,1
doubtfully,1
meditated,1
vulgar,1
twos,1
cadging,1
drinking-shops,1
daughters,1
hemmed,1
abolition,1
persistence,1
exulting,1
happenings,1
menaced,1
pluscold,1
lyric,1
cube,1
greeted,1
amends,1
acquaintance,1
boozer,1
hell,1
fourpence,1
oppression,1
ruin,1
extremity,1
pores,1
amputate,1
smuggle,1
raw,1
moods,1
thereafter,1
persia,1
polishing,1
cloudless,1
bazaars,1
commonplace,1
wantonness,1
interpose,1
supplementary,1
untranslatable,1
athletic,1
heating,1
collated,1
venerated,1
dimpled,1
marriages,1
cross-purposes,1
transit,1
treaties,1
racial,1
americans,1
turning-point,1
mastodons,1
gin-scented,1
knife,1
-ed,1
incorrectly,1
misdeeds,1
instituted,1
whereby,1
willow-herb,1
aureole,1
greetings,1
involuntarily,1
avenue,1
detachments,1
mythology,1
codeword,1
accomplish,1
heartland,1
worked-out,1
blood-ties,1
resembles,1
sallower,1
teacup,1
correctly,1
connotation,1
magnitude,1
document,1
gloating,1
bulging,1
persuading,1
blows,1
intervention,1
temperature,1
spiritless,1
workings,1
rare,1
blocks,1
firmly,1
solar,1
dripped,1
begged,1
graceful,1
conversion,1
unsolved,1
puzzled,1
insulted,1
glazed,1
tunic,1
toiled,1
nex,1
elimination,1
chasing,1
robes,1
whipped,1
frigid,1
peelings,1
quasi-instinctive,1
industrially,1
reversal,1
thrashing,1
wakefulness,1
familiarize,1
layer,1
threaten,1
viewed,1
emphasized,1
blaring,1
gambolling,1
abstainer,1
winters,1
stumbled,1
hairy-eared,1
situation,1
fretfully,1
air-raids,1
gin-drinking,1
underworld,1
america,1
overlordship,1
evil-smelling,1
annoyance,1
exclaimed,1
wretches,1
whined,1
affixes,1
hebrew,1
snooping,1
medicine,1
fellow-employee,1
disdainfully,1
reeked,1
carefree,1
embracing,1
co-operating,1
re-arrested,1
conferred,1
haunting,1
shaved,1
nineteen-forties,1
splitting-off,1
misdemeanour,1
disagreement,1
reluctantly,1
shallowness,1
swung,1
premonitory,1
long-hoped-for,1
tense,1
rendering,1
spoils,1
immensely,1
unsupported,1
oiled,1
entitled,1
outlined,1
attract,1
improvement,1
still-popular,1
erecting,1
strait,1
confer,1
solve,1
indefatigably,1
lenses,1
owners,1
examination,1
lamps,1
determined,1
toothy,1
tossed,1
retch,1
suggests,1
matchwood,1
popped,1
yelling,1
chuckling,1
addressed,1
antique,1
wits,1
accumulated,1
insatiably,1
honestly,1
fuses,1
bounded,1
cream-papered,1
namely,1
conquests,1
essence,1
tricks,1
consists,1
five-and-thirty,1
competing,1
frantic,1
tenses,1
implication,1
crouching,1
insufficient,1
160,1
shop-front,1
tradesman,1
armchair,1
forgotten-looking,1
primal,1
adoration,1
barefoot,1
commemorate,1
surfaces,1
passport,1
rested,1
conquering,1
dissent,1
notices,1
dark-red,1
climates,1
charity,1
handing-over,1
horse-ploughs,1
foreshadowed,1
resolve,1
dislocation,1
suffix,1
irregularities,1
tough-looking,1
adored,1
album,1
museum,1
adore,1
barking,1
queues,1
besieged,1
titular,1
bellies,1
lovely,1
well-defined,1
reasoned,1
dupes,1
fearless,1
lessons,1
authentically,1
appreciation,1
likes,1
adam,1
distorted,1
droning,1
commodity,1
gratuitous,1
arch,1
foreshortening,1
leisure,1
cargo-ships,1
societies,1
horns,1
organizers,1
metaphysics,1
welcome,1
sobbed,1
musty,1
sinecure,1
booziness,1
blowlamp,1
disappointed,1
heritage,1
precise-looking,1
award,1
proclamation,1
perish,1
breadcrusts,1
sinecures,1
weekly,1
grumbled,1
great-grandmother,1
cascaded,1
adept,1
loaf,1
robin,1
cancel,1
absent-minded,1
kings,1
erases,1
lock,1
subdued,1
galloped,1
tormentor,1
persecuted,1
rebelliousness,1
winter,1
babbling,1
fine,1
ceilings,1
boxing-gloves,1
orifices,1
agreeing,1
apple,1
laughed,1
mirrored,1
suffocation,1
excelled,1
amputated,1
repaired,1
slaughters,1
darkest,1
ladder,1
insidious,1
tightened,1
rope,1
dismembered,1
ecstasy,1
sanctioned,1
berkhamsted,1
suggest,1
ark,1
never-mentioned,1
salutation,1
stagnate,1
limit,1
reform,1
commercial,1
japan,1
ruffianism,1
desultorily,1
feat,1
accompany,1
rook,1
wrenches,1
visited,1
hiking,1
monster,1
inkstained,1
lesson,1
encountered,1
riot,1
stovepipe,1
truisms,1
blond,1
reputation,1
brighter,1
staffs,1
expert,1
creak,1
shattering,1
cultural,1
cardinal,1
dual,1
bulletins,1
pursuit,1
realizing,1
tele-programmes,1
beads,1
alluring,1
joyless,1
subjection,1
famous,1
gladly,1
painting,1
despairing,1
undigested,1
well-packed,1
unjust,1
dictates,1
security,1
rests,1
quill,1
unbellyfeel,1
derived,1
apply,1
mayor,1
garment,1
beamed,1
sexuality,1
ingenious,1
darwin,1
privileges,1
obliteration,1
antiquity,1
inherited,1
allowing,1
wide-open,1
jumped,1
inheritors,1
exceedingly,1
seduced,1
enthusiastically,1
counting,1
horizon,1
1965,1
unrolling,1
draught,1
unknown,1
gravitated,1
sixty-three,1
month-old,1
war-fever,1
construct,1
rumour,1
flew,1
teachings,1
borrow,1
memorizing,1
technology,1
germs,1
plundered,1
flit,1
rods,1
furrows,1
table-tops,1
communications,1
equivocation,1
creased,1
bestowed,1
inclined,1
racketeers,1
negroid,1
brush-down,1
disappointment,1
dilapidated,1
inventive,1
promises,1
theoretical,1
uneven,1
flickering,1
unreproved,1
hen,1
betrayals,1
improving,1
98,1
handy,1
refers,1
stress,1
teaching,1
vicious,1
thirty-one,1
fund,1
inward,1
stimulant,1
eard,1
endorsed,1
distributing,1
booklets,1
99,1
prompted,1
apathetic,1
wavers,1
lip-service,1
weep,1
vindicate,1
furiously,1
reserved,1
highly-paid,1
needless,1
rationalism,1
half-apprehensive,1
offenders,1
contemplate,1
cautiously,1
recreation,1
boggy,1
half-nostalgically,1
momentous,1
differentiated,1
snatched,1
tibet,1
bloodthirsty,1
prodigious,1
unaware,1
squeaking,1
businesslike,1
outraged,1
develop,1
athleticism,1
surrendered,1
ever-flowing,1
plausible,1
authorized,1
whizzing,1
lawn,1
wariness,1
roman,1
doubting,1
lecture,1
poles,1
magenta,1
relationships,1
enjoying,1
establishment,1
orderly,1
pyramids,1
sobering,1
regime,1
smartly,1
nodding,1
lengthways,1
ashtaroth,1
illegitimately,1
startlingly,1
deflated,1
celebrate,1
myriad,1
categorical,1
guide,1
reality-control,1
numerous,1
shutter,1
relics,1
eyeing,1
stillness,1
confesses,1
nineteen-fifties,1
vitriol,1
succession,1
burnt,1
deaf,1
outstanding,1
exactitude,1
refugees,1
clarified,1
heel,1
loathing,1
pitch-dark,1
shaken,1
refilled,1
wading,1
cents,1
badness,1
foodstuffs,1
stratum,1
steeple,1
munition,1
perceptible,1
regimented,1
avaricious,1
obediently,1
self-satisfied,1
fraction,1
fancied,1
ordinary-looking,1
artsem,1
assemble,1
inflame,1
partial,1
particularly,1
handing,1
thoughtless,1
disobedience,1
codewords,1
expended,1
illiteracy,1
bargaining,1
deportation,1
berlin,1
flurry,1
skeleton-like,1
slithering,1
smudge,1
rabbit-bitten,1
bat,1
perpetually,1
lacquered,1
hopes,1
wriggle,1
countersign,1
embarrassment,1
intoxicating,1
persiflage,1
violate,1
fear-ridden,1
shortlived,1
never-questioned,1
flagged,1
contemptuous,1
resentfully,1
horribly,1
tarnished,1
widower,1
sewing-thread,1
ill-lit,1
nest,1
trivialities,1
theme-song,1
reception,1
hammering,1
underestimated,1
eats,1
slanted,1
popularity,1
verifying,1
wheedle,1
plumped,1
fifty-five,1
schoolmaster,1
battered-looking,1
torpid,1
response,1
arising,1
internationalism,1
vistas,1
corrugated,1
clandestinely,1
impact,1
savages,1
proof,1
reissued,1
entangling,1
transcription,1
farthing,1
butted,1
chequered,1
suited,1
simian,1
regenerate,1
conspirator,1
sluttish,1
well-timed,1
recurrence,1
technicians,1
friendships,1
mutually,1
ruler,1
disappearing,1
ampoule,1
rabbit-cropped,1
conformity,1
welded,1
institution,1
foolproof,1
dismay,1
mobile,1
salary,1
darting,1
careful,1
unchangeable,1
necessitated,1
horseback,1
volunteers,1
pepper,1
unproceed,1
yield,1
maintain,1
keying,1
coldness,1
testicles,1
speculatively,1
three-sided,1
gracelessness,1
immense,1
damp,1
shorthand,1
overfulfilment,1
advancing,1
weighted,1
untruthfully,1
contains,1
chewed,1
passionately,1
hurl,1
banquet,1
satisfy,1
attracting,1
sanctuary,1
indecipherable,1
splits,1
educational,1
come-and-go,1
f,1
delude,1
reassurance,1
grimacing,1
re-focused,1
sorrows,1
organizer,1
vow,1
buttons,1
bareness,1
rinsed,1
bus,1
limply,1
scrimmage,1
hurtling,1
exploited,1
teachers,1
jowl,1
spat,1
study,1
horizontally,1
white-tiled,1
lucid,1
ravish,1
subtlety,1
kaleidoscope,1
confirmation,1
extinction,1
disconcerting,1
stroll,1
fleeing,1
1940,1
impair,1
authoritarian,1
enlightened,1
contradiction,1
fidgeted,1
eased,1
comforted,1
cowardice,1
partition,1
vindictiveness,1
district,1
quarrel,1
gentleman,1
antiques,1
brassy,1
corked,1
transparent,1
improvising,1
impassively,1
neurotically,1
all-round,1
technological,1
encircling,1
liberalism,1
tolerates,1
reaching,1
doublepluscold,1
worshipped,1
html,1
baths,1
inexorably,1
coins,1
ghost,1
printing-shops,1
plays,1
aloofness,1
sitting-room,1
inflexion,1
indoctrinate,1
crept,1
compulsion,1
residue,1
cooked,1
american,1
concentration,1
includes,1
illustration,1
powerless,1
unanswered,1
cherished,1
sacrificing,1
nobby,1
soothing,1
overnight,1
chant,1
enthusiasms,1
personally,1
keyholes,1
gorn,1
accidental-like,1
keepsake,1
attending,1
handled,1
nobility,1
baskets,1
competent,1
striven,1
reconciling,1
patted,1
cruelly,1
suppression,1
dickens,1
irresistibly,1
thousandth,1
fascinating,1
seduction,1
blond-headed,1
exhaustive,1
instalments,1
oil-cake,1
united,1
victoriously,1
intent,1
licked,1
one-oh-one,1
bricks,1
blubbering,1
despotisms,1
civilizations,1
modify,1
goodthinkwise,1
characteristics,1
downloading,1
unused,1
patterns,1
paraffin,1
slum,1
unformed,1
filtering,1
knotted,1
submachine,1
cow,1
snatching,1
scarlet-draped,1
aggressions,1
chemist,1
ancestors,1
contemptible,1
dropping,1
dice,1
populous,1
symbol,1
figured,1
draft,1
bothering,1
frosted,1
donkey,1
raging,1
wilsher,1
pediment,1
diffusing,1
stepney,1
never-sleeping,1
looting,1
secondly,1
opposed,1
practices,1
radio,1
gifted,1
contortions,1
fullest,1
vehemently,1
disposing,1
overtones,1
tightly-knit,1
diminishing,1
licence,1
timber,1
solid-looking,1
wrecking,1
campaigns,1
rasped,1
stuffy,1
chisels,1
illustrating,1
knell,1
irritating,1
beans,1
concealing,1
talks,1
readiness,1
stockings,1
back-street,1
exquisitely,1
super-state,1
laborious,1
prodded,1
abominably,1
deceived,1
enrolled,1
diminish,1
demonstrative,1
nitric,1
grease,1
quiver,1
cities,1
lifeless,1
aprons,1
blokes,1
squatting,1
hammers,1
hong,1
credulous,1
antarctic,1
jointly,1
recruit,1
threshold,1
day-to-day,1
ow,1
arithmetic,1
forty-eight,1
pupil,1
zip,1
height,1
squeezing,1
pinkish,1
reinstated,1
windy,1
chimed,1
rape,1
three-hour,1
unsinkable,1
technically,1
transmit,1
province,1
administrators,1
balancing,1
uselessly,1
echoes,1
monotonous,1
domain,1
black-haired,1
spoiled,1
swaying,1
debated,1
handleless,1
pool,1
afterthought,1
unwritten,1
attendances,1
suicides,1
racket,1
wriggled,1
evading,1
notice-board,1
chiefs,1
facial,1
gestures,1
mat,1
lacks,1
doleful,1
constructions,1
departure,1
sneak,1
charred,1
dribbled,1
sausages,1
debauchery,1
non-political,1
individualism,1
stall-keepers,1
tang,1
prosaically,1
passageway,1
bulkiness,1
ablest,1
keyword,1
hurriedly-whispered,1
objection,1
reconciled,1
gentler,1
un-,1
legible,1
17,1
estimate,1
dozens,1
fluttering,1
band,1
dull-brown,1
speckled,1
filtered,1
banding,1
developments,1
two-ounce,1
disappearance,1
spaciousness,1
habit-forming,1
re-read,1
struggles,1
ruffians,1
obeying,1
wives,1
impatient,1
brushed,1
concealment,1
minitruthful,1
depicted,1
flog,1
unquestioning,1
palimpsest,1
plains,1
ju,1
upward,1
permanence,1
expressions,1
compromise,1
streaming,1
adulteries,1
equipped,1
triumphantly,1
oh-o-o-o-oh,1
rabbits,1
deepest,1
erected,1
lid,1
sodden,1
patches,1
thereby,1
ruby,1
lids,1
regions,1
illusions,1
salaried,1
likened,1
neutralize,1
straight-featured,1
focused,1
inscrutability,1
warned,1
dock,1
emblem,1
swelling,1
inscribed,1
sandpaper,1
partners,1
reconstruct,1
mess,1
first-rate,1
sworn,1
acuteness,1
reopen,1
competed,1
leather-covered,1
amateurishly,1
revolutionary,1
wiping-out,1
concerns,1
suffered,1
sorrowfully,1
knocked,1
morally,1
wounds,1
measured,1
split,1
resign,1
essay,1
malquoted,1
upset,1
validity,1
love-offering,1
adulterers,1
chaos,1
ensure,1
bade,1
parent,1
gathering,1
scar,1
dispersed,1
twenty-seven,1
half-heartedly,1
uproar,1
cringe,1
canvas,1
shouldn,1
cabinet,1
unwearying,1
attain,1
tiddly-winks,1
colossus,1
dictating,1
treasurer,1
celibate,1
inferiors,1
starve,1
cheaper,1
agate,1
path,1
suitably,1
decline,1
french,1
inefficiently,1
pointless,1
compilation,1
lifes,1
incautiously,1
nobleman,1
eyeballs,1
youngish,1
visualizing,1
rickety,1
permission,1
judges,1
resemblance,1
plume,1
ired,1
ghastly,1
hikers,1
dated,1
easing,1
aristocrats,1
rebellions,1
murderous,1
cowered,1
persecutors,1
wearily,1
tied,1
txt,1
slummy,1
rows,1
man-eaters,1
equation,1
cumbersome,1
curve,1
reducible,1
tracked,1
shoreditch,1
snow-white,1
projectiles,1
source,1
untrue,1
distraction,1
ill-cut,1
co-ordination,1
moloch,1
thirteen,1
shapeliness,1
hallucinations,1
dog-eared,1
paper-clip,1
oily-tasting,1
fuel,1
unconvincing,1
softpalmed,1
supplemented,1
ducked,1
love-making,1
valet,1
adulation,1
tyrannies,1
indispensably,1
rises,1
breadcrumbs,1
seditious,1
clamped,1
miss,1
entanglements,1
acting,1
sheep-face,1
refrain,1
sport,1
corpses,1
roasting,1
unnoticed,1
patiently,1
convoluted,1
hob,1
peeped,1
rallies,1
demur,1
minuteness,1
divide,1
abounds,1
brazil,1
prevaricate,1
bulk,1
adoption,1
secretively,1
reverse,1
destroying,1
table-tennis,1
passage-way,1
impounded,1
crossing,1
reshape,1
digression,1
carnivorous,1
coarsely,1
prepositional,1
word-formation,1
caution,1
shored,1
inherently,1
network,1
satisfactorily,1
incompetence,1
unflinchingly,1
misprinted,1
syntax,1
exaggeration,1
lingua,1
readjustment,1
innocence,1
closing-time,1
implicating,1
devotees,1
latter,1
attaching,1
down-,1
rumoured,1
maddening,1
mathematical,1
amersham,1
undeclared,1
destroys,1
mails,1
sweetness,1
whiff,1
iniquity,1
campaign,1
rouged,1
nasty,1
wearing-down,1
sliding,1
fortunes,1
minerals,1
antiseptic,1
operate,1
tirelessly,1
uncorking,1
fertile,1
fidget,1
uncured,1
eradicate,1
purple,1
overhearing,1
flimsy,1
impossibility,1
defection,1
porch,1
shift,1
secured,1
enunciating,1
dimmest,1
vegetable,1
profited,1
hierarchy,1
scepticism,1
apex,1
recreated,1
cringing,1
insurrection,1
stamping,1
reconciliation,1
newly-created,1
facto,1
securing,1
indefinable,1
sub-human,1
beggar,1
clicking,1
midsummer,1
referring,1
copper,1
credible,1
lions,1
trustworthy,1
afternoons,1
cleverness,1
beast-like,1
accordance,1
breeds,1
precautions,1
craving,1
wax,1
waxen-faced,1
ipso,1
oldthinkers,1
provinces,1
eighteenth-century,1
goatee,1
submit,1
admit,1
cheery,1
reckoned,1
counted,1
sneeze,1
lashed,1
concessions,1
cycle,1
tickle,1
convicting,1
tauter,1
compose,1
english-speaker,1
linger,1
lumped,1
dictate,1
slow-moving,1
staircase,1
half-pleasant,1
prediction,1
carelessly,1
sincerity,1
revert,1
toe,1
gents,1
shirking,1
backstreet,1
inertia,1
roughed,1
cock,1
massed,1
heirs,1
murderers,1
servile,1
dizzy,1
inflict,1
hedonistic,1
stamped,1
catching,1
pelting,1
contrast,1
perverse,1
charlemagne,1
earmarked,1
ere,1
wishing,1
window-sill,1
flaps,1
triangular,1
twenty-two,1
work-hardened,1
wires,1
yellow-faced,1
earnest,1
target,1
detailed,1
allows,1
breeding,1
jerkily,1
listened,1
navigate,1
persevered,1
mutilating,1
so-and-so,1
cock-crow,1
rout,1
pronunciation,1
teleprogrammes,1
spray,1
shallow,1
full-sized,1
nut,1
accuracy,1
seventeen,1
visible,1
tallish,1
insemination,1
uncommanded,1
missed,1
doubly,1
nineteen-twenty,1
wireless,1
estimates,1
disturbed,1
interlude,1
fluctuating,1
preponderance,1
inspiration,1
dislocate,1
indefatigable,1
overturn,1
polished,1
mottled,1
eclipse,1
dwelt,1
de,1
whining,1
pledge,1
elaborately,1
disposed,1
twenty-four-hour-a-day,1
fumes,1
scuffles,1
passengers,1
atoms,1
aggressively,1
brooches,1
patriotic,1
noise-filled,1
spirally,1
hopped,1
captain,1
pinch,1
multiplied,1
mortally,1
plusfull,1
stratagem,1
spells,1
sailing-ship,1
self-confidence,1
irises,1
longing,1
persists,1
varies,1
settle,1
exile,1
relaxation,1
quack-quack-quacking,1
sterner,1
wrapping,1
twitch,1
er,1
gang,1
uncomfortably,1
explosions,1
accomplices,1
relapse,1
writing-table,1
chimneys,1
width,1
luxuriously,1
encircled,1
misery,1
dirty-mindedness,1
sought,1
objectivity,1
enumerate,1
approximately,1
destructive,1
undirected,1
tragedy,1
sandy,1
enema,1
illuminate,1
paddington,1
summery,1
tufts,1
silk,1
air-conditioned,1
snowdrift,1
self-propelled,1
transport,1
deceive,1
crawling,1
minilovely,1
rag,1
bluebottle,1
curving,1
calculating,1
19,1
inadequate,1
roved,1
discs,1
sell,1
separation,1
leaky,1
trickling,1
upside-down,1
solves,1
invite,1
tumbled,1
paraphernalia,1
rotund,1
1968,1
bitterness,1
concentrate,1
west,1
provisional,1
categories,1
irregularly,1
maintained,1
counter-revolutionary,1
doubled,1
sub-editors,1
shaftesbury,1
emptiest,1
wooden-faced,1
screwdriver,1
fling,1
acrid-smelling,1
chilly,1
soundlessly,1
cultivation,1
manufacture,1
trade-union,1
tamper,1
gnawing,1
longed,1
stages,1
stiff,1
cauterized,1
tour,1
simpler,1
specious,1
refuted,1
dreaming,1
nip,1
discomfort,1
tic,1
advocated,1
mortality,1
entry,1
suitable,1
intimate,1
three-quarters,1
formerly,1
politics,1
executive,1
jealously,1
beg,1
calmer,1
chill,1
traced,1
drenching,1
ambiguities,1
-s,1
plentiful,1
remove,1
remind,1
blossoming-period,1
morals,1
outlaws,1
unprocurable,1
unfolded,1
dribble,1
tenets,1
impudence,1
black-marketeers,1
sentimentally,1
recuperate,1
irresolutely,1
judgement,1
institute,1
wallowing,1
hungrily,1
discretion,1
adult,1
starts,1
tested,1
dwelling-houses,1
snuffboxes,1
unattended,1
haricot,1
memorized,1
fecundity,1
necessities,1
testing,1
variant,1
adoptive,1
confident,1
eaten,1
wreck,1
snapping,1
eggs,1
procreation,1
shrunk,1
conveyed,1
updated,1
dried,1
repudiate,1
substitution,1
flourish,1
caricaturist,1
plead,1
pick-axe,1
eighteen-thirty,1
tight,1
corrupted,1
ceremony,1
dreamt,1
debauch,1
crises,1
bite,1
lethargy,1
injury,1
flights,1
geography,1
sexless,1
impedimenta,1
dark-chinned,1
pinkish-grey,1
dinginess,1
encounter,1
slinging,1
restricting,1
scientist,1
hurting,1
enlist,1
negroes,1
deception,1
thirty-six,1
relating,1
groans,1
weaving,1
shrink,1
calf,1
re-educating,1
post-,1
aberrations,1
garden,1
speak-write,1
leaked,1
culture,1
annually,1
reappearance,1
compiling,1
blond-haired,1
market-woman,1
streaks,1
spectacular,1
examine,1
skies,1
lightly,1
grassy,1
flood,1
boil,1
locks,1
specialists,1
sheaves,1
thirst,1
accomplished,1
bunk,1
commemorating,1
villainous,1
anodyne,1
incurious,1
freely,1
rabbit,1
elegantly,1
geared,1
dominated,1
journalists,1
uncertainty,1
faculty,1
sports-shirt,1
pale-grey,1
resulting,1
maze,1
comforting,1
avoiding,1
cup,1
king,1
tribe,1
litres,1
thundering,1
flicked,1
distasteful,1
loosestrife,1
firm,1
accidentally,1
remainder,1
raping,1
lanes,1
footstep,1
observers,1
publicity,1
manipulate,1
spyhole,1
drugged,1
mortal,1
seizes,1
compartments,1
dispensed,1
intrigued,1
britain,1
criminal,1
fly,1
scrabbling,1
stall,1
unity,1
sister-in-law,1
squalling,1
transparency,1
attentive,1
sweltering,1
cracks,1
impudent,1
sternly,1
fluttered,1
movable,1
france,1
hungrier,1
repelled,1
tampering,1
belt,1
astray,1
devour,1
thoroughly,1
ats,1
leaden,1
fatuous,1
mated,1
loitering,1
lagged,1
coolness,1
episode,1
pantry,1
battleship,1
self,1
contortionist,1
flexibility,1
forbearance,1
gangsters,1
lowered,1
ghosts,1
gaze,1
welling,1
spelling-book,1
cubes,1
unsaid,1
parachute,1
flies,1
criminality,1
plans,1
depth,1
strand,1
resistance,1
whines,1
analogies,1
racketeering,1
screwed-up,1
reassuringly,1
reformers,1
convulsion,1
willing,1
nostalgic,1
white-counterpaned,1
culpable,1
nuzzled,1
discountenanced,1
faroe,1
officially,1
typography,1
stroked,1
nonsmoker,1
famine,1
mane,1
ome,1
scorched,1
imaginings,1
disbelieve,1
personality,1
safeguards,1
politicians,1
singly,1
shrivel,1
proclaiming,1
pads,1
whimpered,1
whiskers,1
self-willed,1
label,1
quarto-sized,1
chiming,1
warriors,1
40,1
association,1
reject,1
tentatively,1
benevolent,1
darling,1
novel,1
threadbare,1
learnt,1
springing,1
routes,1
belongs,1
dominant,1
developed,1
collectivization,1
mask-like,1
baldly,1
2008,1
bleat,1
sacred,1
hum,1
justification,1
aquiline,1
motionless,1
prejudice,1
hay,1
lighthouse,1
over-sixteens,1
plumping,1
grab,1
fifth,1
psychologically,1
victor,1
sweeps,1
dozing,1
assassination,1
moist,1
plottings,1
grows,1
squeals,1
riding,1
retention,1
goodwise,1
swirled,1
slits,1
deafeningly,1
dabbling,1
pillory,1
untouchables,1
wilder,1
tonight,1
softer,1
foretaste,1
observant,1
waging,1
upside,1
russians,1
bother,1
perception,1
lift-shaft,1
exercise-books,1
getting-up,1
teach,1
respect,1
pinchbeck,1
intimacy,1
remonstrances,1
white-jacketed,1
privations,1
perversion,1
numbering,1
violated,1
reflexes,1
wayward,1
approval,1
painless,1
enacted,1
gulp,1
undermost,1
pre-revolutionary,1
salt,1
relish,1
iceland,1
moisture,1
favourite,1
nation,1
batch,1
edged,1
perceptibly,1
dearest,1
tales,1
deadlier,1
unreal,1
recurs,1
interpreted,1
1900,1
repression,1
rasping,1
doubtful,1
nosers-out,1
odious,1
partisanship,1
stupendous,1
dialled,1
ladle,1
spotted,1
champagne,1
ad,1
swirls,1
minded,1
waists,1
zipper,1
zealous,1
wake,1
glassy,1
mended,1
grimmer,1
preoccupy,1
severe,1
wreckage,1
considerations,1
oughter,1
door-knob,1
show-pieces,1
fabrication,1
boarded,1
feats,1
lashes,1
strained,1
melancholy,1
midsentence,1
economies,1
acceptable,1
reassured,1
perceive,1
linking-together,1
shambled,1
shriek,1
relays,1
reveries,1
lice,1
nazi,1
imitate,1
gambling,1
geological,1
pealing,1
yielding,1
swap,1
bunting,1
violence,1
bureaucrats,1
flitting,1
slapped,1
glory,1
thrill,1
tighter,1
exit,1
shortest,1
stops,1
reverberating,1
meditations,1
malreported,1
misquotations,1
quarts,1
exhausted,1
almost-deserted,1
nightly,1
doubleplus,1
logistics,1
torpedo,1
mutters,1
coverlet,1
improvisation,1
racing,1
goodthinked,1
telescoped,1
file,1
swallowers,1
pitiful,1
contradict,1
tracing,1
illiterate,1
offices,1
grievances,1
crumbling,1
barefooted,1
worries,1
apologetic,1
officiousness,1
brightly-lit,1
injured,1
wiping,1
impoverishment,1
dumb,1
waddled,1
2713,1
up-,1
fuzzy,1
abusing,1
speakwrites,1
tubby,1
backyard,1
argentina,1
fossil,1
actuated,1
sensitivity,1
ranging,1
kneeling,1
sun-filled,1
lemon,1
curses,1
enormity,1
stanza,1
lymph,1
luridly,1
half-burying,1
leisured,1
labours,1
undisputed,1
speculative,1
truth-producing,1
soluble,1
fragile,1
abiding,1
planet,1
deciding,1
-es,1
manuals,1
venomous,1
studios,1
dumpy,1
bondage,1
ant,1
pasting,1
obeisance,1
capped,1
jelly,1
kong,1
manners,1
pendulum,1
national,1
educate,1
actuality,1
concern,1
dazzling,1
concretely,1
interrogated,1
-paxful,1
comprehensive,1
displayed,1
swirl,1
humorous,1
restoring,1
wasted,1
consorting,1
counter-revolutionaries,1
quart,1
gallon,1
incriminating,1
silky,1
stitching,1
lay-figure,1
magnifies,1
hardening,1
sociologists,1
demographic,1
sale,1
annual,1
distaste,1
blankness,1
rung,1
frost,1
underheated,1
rectangular,1
flinging,1
parenthood,1
musical-box,1
austere,1
limits,1
everlastingly,1
franca,1
hiding-places,1
consigned,1
hesitation,1
shells,1
drug-taking,1
honour,1
dwarf,1
initial,1
recesses,1
delegates,1
brown-coloured,1
tired-looking,1
coveted,1
suspect,1
wolfed,1
sooty,1
pot,1
springiness,1
proclamations,1
flickered,1
ached,1
orgiastic,1
geographically,1
self-righteousness,1
bundled,1
electrically,1
hand-spans,1
speedful,1
dose,1
sentimental,1
nudging,1
mischievous,1
filthy-tasting,1
threes,1
sloping,1
cheesy,1
detection,1
daunted,1
overhead,1
daren,1
impending,1
self-possession,1
artist,1
relevance,1
crawled,1
competition,1
barbarous,1
filthily,1
uncover,1
traps,1
hypocrite,1
carrot,1
reclaim,1
wildly,1
well-nigh,1
renegade,1
formulate,1
bombardment,1
generated,1
reverted,1
unreasonable,1
impossibly,1
knots,1
health,1
tanks,1
roars,1
wheeled,1
agricultural,1
parasitical,1
denies,1
toiling,1
wrinkles,1
hollow,1
suits,1
mammoths,1
burial,1
broader,1
commandments,1
deposited,1
noises,1
rehashing,1
puts,1
prettiness,1
crumbly,1
win,1
precedes,1
coined,1
blackbirds,1
rivalry,1
perishes,1
seventy-five,1
choosing,1
dice-box,1
booty,1
eavesdropping,1
sloppiness,1
all-out,1
crisis,1
oliver,1
fixedly,1
coincide,1
squads,1
fold,1
thundered,1
hoardings,1
regretful,1
respite,1
flaw,1
dares,1
hysterically,1
scribbles,1
identification,1
unbent,1
whirled,1
plusgood,1
fair-haired,1
stall-keeper,1
copying,1
swayed,1
draughty,1
refugee,1
mechanization,1
humblest,1
treatment,1
tribunal,1
etymologically,1
pronouns,1
breakfast,1
arrows,1
blast,1
wearied,1
denunciation,1
kid,1
unknowns,1
balminess,1
musician,1
fingering,1
fours,1
nails,1
cult,1
titles,1
piles,1
doorstep,1
comradeship,1
expending,1
consumable,1
nuclei,1
assert,1
magic,1
paraphrase,1
perversions,1
ethical,1
consent,1
bearing,1
co-ordinated,1
two-storey,1
debased,1
inexhaustibly,1
flagrant,1
despise,1
italics,1
empire,1
effectively,1
unopposed,1
inheritance,1
formally,1
rational,1
eight-thirty,1
redivision,1
accounted,1
applause,1
readily,1
skill,1
select,1
ermine,1
moustaches,1
defend,1
unresisting,1
obligation,1
embellishing,1
disorder,1
bliss,1
land-mass,1
chronic,1
biologist,1
vegetation,1
glitter,1
weakly,1
interchangeability,1
adjectival,1
redhaired,1
baulks,1
undone,1
sharpness,1
gravy,1
liberated,1
mute,1
demolished,1
interspersed,1
picture-frames,1
seventeen-twenty,1
comprehended,1
cluster,1
spaces,1
relaxations,1
contourless,1
slumped,1
admirer,1
ointment,1
shying,1
plunge,1
predicament,1
stamps,1
antonyms,1
vapid,1
themes,1
half-page,1
crumbled,1
crudely,1
passionate,1
quoting,1
zig-zagging,1
candlestick,1
fluted,1
squirmed,1
boasted,1
squeezed,1
catechism,1
rippled,1
explore,1
adjust,1
practitioners,1
temporary,1
sorrow,1
inflicting,1
mysticism,1
graver,1
digressions,1
stubborn,1
entertained,1
rank-and-file,1
jet,1
unimagined,1
urge,1
arrayed,1
concertina-like,1
silly-faced,1
plunged,1
bargainings,1
behalf,1
antibodies,1
domination,1
vomited,1
grudge,1
pumped,1
plunger,1
abstruse,1
thinked,1
osiris,1
twenty-first,1
redistributing,1
yellowed,1
charm,1
mouse,1
decent,1
references,1
guarded,1
succumbed,1
papier-mache,1
powdered,1
commented,1
flagstaffs,1
carpeted,1
squares,1
massacres,1
gases,1
under-employed,1
dissipated,1
anew,1
looped,1
cloudy,1
medium,1
inserted,1
inprecorr,1
armada,1
tormenting,1
intrigues,1
situations,1
fills,1
redder,1
zoom,1
bluebell,1
admire,1
highly-trained,1
lull,1
execrate,1
turnip,1
curable,1
crooked,1
bestrode,1
irritation,1
tap,1
forgiveness,1
pleasanter,1
pannikins,1
mouthfuls,1
penknives,1
disguised,1
swells,1
sand-like,1
sunk,1
ailing,1
reclamation,1
surgeons,1
helps,1
preaches,1
stank,1
vertebrae,1
humility,1
demolish,1
fingernails,1
clutch,1
sewers,1
decadence,1
fattish,1
pedantic,1
saturday,1
distort,1
arranging,1
extraction,1
succeed,1
caterpillars,1
phase,1
safely,1
father-to-son,1
ordered,1
lock-up,1
intellectuals,1
humiliate,1
erroneous,1
justified,1
fastener,1
collapsed,1
wailed,1
gorilla-faced,1
sebastian,1
texts,1
threading,1
bar-room,1
proceeding,1
americas,1
1914,1
undermines,1
patient,1
immovably,1
breakdown,1
dashed,1
euphemisms,1
restored,1
complexity,1
fellow-tenant,1
reconnoitring,1
excellence,1
troubling,1
informers,1
declaring,1
indistinctly,1
rooftops,1
sweep,1
ethics,1
irresponsible,1
dislocations,1
rebellious,1
believer,1
failures,1
ants,1
adequate,1
nonexistent,1
rigid,1
platforms,1
musing,1
sorrowful,1
conception,1
rang,1
utterance,1
sneaked,1
guarding,1
fanatics,1
resurrected,1
camaraderie,1
trade,1
watery,1
pitying,1
disengaged,1
emanation,1
engaging,1
deprived,1
silently,1
rails,1
pervert,1
half-certainty,1
grey-coloured,1
presupposed,1
imperturbable,1
gardening,1
-er,1
immorality,1
indoor,1
proliferated,1
prawn,1
fussy,1
nuts,1
greenness,1
collections,1
workshop,1
driving,1
indignation,1
isolated,1
gangs,1
storm,1
reactions,1
synthesize,1
untruthful,1
origins,1
weaklings,1
ropes,1
sore,1
never-broken,1
wickedness,1
advisable,1
deserved,1
ma,1
house-by-house,1
cromwell,1
baking,1
prematurely,1
clamorous,1
tinged,1
egypt,1
shallower,1
needles,1
materialized,1
inarticulate,1
horde,1
modes,1
-loveful,1
barbed-wire,1
prayer,1
scrawl,1
flaked,1
mechanically,1
convey,1
slums,1
flunkies,1
credulity,1
dabs,1
altering,1
bottle-stopper,1
recalling,1
extinguish,1
softening,1
hypocrisy,1
climbing,1
crinkle,1
knock,1
reappearing,1
magnifying,1
self-hypnosis,1
prophecies,1
actors,1
sourish,1
attracted,1
appearing,1
cobbles,1
reasonable,1
swished,1
mellowed,1
half-litre,1
stacked,1
steep,1
torrent,1
syphilis,1
heaved,1
fade,1
exciting,1
damned,1
attempting,1
administrator,1
bill,1
temple,1
drill,1
statements,1
glimpses,1
stormed,1
subterranean,1
spiral,1
flicker,1
sensational,1
fulminating,1
conspire,1
starved,1
world-within-a-world,1
pancras,1
spying,1
arrowslits,1
handful,1
translucency,1
build,1
feature,1
indignantly,1
pouchy,1
thinkable,1
enlightenment,1
dependent,1
november,1
hallway,1
1944,1
divined,1
institutions,1
pay-out,1
theatre,1
wail,1
mistake,1
pharaohs,1
disobey,1
pursue,1
collaborated,1
exercising,1
flared,1
rhythmical,1
whiffs,1
shocking,1
voluntarily,1
rob,1
random,1
requires,1
physicist,1
laboratories,1
explosives,1
strokes,1
germany,1
establishing,1
enforcing,1
slots,1
heavier,1
whistled,1
delivered,1
writers,1
barriers,1
stamp,1
venomously,1
ownlife,1
splayed,1
white-stubbled,1
injustice,1
fever,1
slender,1
increased,1
examining,1
playground,1
switchover,1
hoping,1
9,1
unexplored,1
immunized,1
semi-divine,1
marvellous,1
bastards,1
engineer,1
infinitely,1
unrepented,1
attachment,1
bud,1
packing,1
peculiarly,1
yp,1
novelettes,1
predominated,1
evils,1
pump,1
rub,1
crook,1
infrequently,1
deprecating,1
tepid,1
strive,1
talents,1
unwilling,1
sizeable,1
uncovered,1
recovery,1
evade,1
ox,1
forcible,1
paying,1
eddies,1
murmurous,1
hymn,1
bunks,1
measures,1
fault,1
decaying,1
watches,1
swiftly-moving,1
hybrid,1
reproduce,1
flowering,1
remembers,1
blot,1
impalement,1
candle-lit,1
vain,1
adultery,1
jefferson,1
majesty,1
rewriting,1
engineers,1
specially,1
woods,1
healthier,1
stinking,1
tread,1
entries,1
effigies,1
working-out,1
downhearted,1
pretentious,1
sour-sweet,1
drums,1
progressive,1
habitually,1
over-ripe,1
stumpy,1
learner,1
biologists,1
unequal,1
inflexions,1
vocabularies,1
gym-shoes,1
rustle,1
derisive,1
scene,1
restricted,1
ring-doves,1
spotting,1
renamed,1
breadcrust,1
constructionwise,1
japanese,1
combatants,1
gains,1
crucial,1
imprisonments,1
protective,1
systematized,1
arithmetical,1
compliment,1
sustained,1
neckerchiefs,1
consequences,1
yapped,1
tracking,1
intercommunication,1
railing,1
intending,1
inapplicable,1
pulp,1
explored,1
rotten,1
clambering,1
metaphysician,1
card,1
drawn-in,1
drops,1
obliquely,1
weeds,1
manufactured,1
frowsy,1
uncontrollable,1
sweaty,1
capering,1
comforts,1
sympathetically,1
deep-bosomed,1
receiving,1
careless,1
streams,1
spooned,1
grass-grown,1
ladling,1
blunt-featured,1
bony,1
satisfactory,1
cockney,1
mean-looking,1
unappeasable,1
deceit,1
slide,1
preference,1
irrespective,1
diaphragm,1
loves,1
annihilate,1
600,1
trains,1
inscriptions,1
agony,1
kissed,1
coverless,1
high-heeled,1
directories,1
feral,1
reprisals,1
bottomless,1
riddle,1
filthiest,1
club,1
bigoted,1
advocating,1
sinister,1
voluptuously,1
pipes,1
sports,1
adapted,1
scrawny,1
estimated,1
hand-grenade,1
abnormality,1
pack,1
drearily,1
stumping,1
shorten,1
deportations,1
mentality,1
regimentation,1
barber,1
cure,1
propositions,1
bookshelves,1
faltered,1
sledge-hammer,1
hero,1
shadow-world,1
too-popular,1
wool,1
lord,1
lipsticked,1
guv,1
memorial,1
thickly,1
privation,1
wrong-doing,1
reassure,1
falsehood,1
feed,1
misleading,1
storing,1
unwholesome,1
stores,1
twisting,1
martyrdoms,1
reversible,1
quicken,1
disengage,1
waxwork,1
re-use,1
overpowering,1
sadness,1
froglike,1
spoons,1
educated,1
comparing,1
improvised,1
complaining,1
boos,1
misty,1
motor,1
milk,1
wrap,1
bung,1
monkey,1
persistent,1
deep-laden,1
assimilate,1
classification,1
j,1
cherry-coloured,1
receded,1
retreated,1
knights,1
well-known,1
loathed,1
scuttling,1
life-and-death,1
grandmother,1
slatternly,1
thoroughness,1
composing,1
trophy,1
rushing,1
lootings,1
sticky-eyed,1
experiment,1
psychologist,1
discontents,1
twitched,1
concave,1
examples,1
assign,1
stone-flagged,1
foreigner,1
sunburnt,1
bourgeoisie,1
wrists,1
leprosy,1
peacefully,1
deathly,1
mortgage,1
quarry,1
shocked,1
harmonize,1
witty,1
sleepily,1
verging,1
governs,1
to-and-fro,1
aristocracies,1
thump,1
blinding,1
never-speaking,1
0100021,1
scratch,1
holder,1
saviour,1
nervously,1
continuation,1
stead,1
persecuting,1
staggering,1
four-horse,1
rumbling,1
acute,1
abyss,1
irritably,1
power-hungry,1
alien,1
uncomprehending,1
relinquishing,1
capitulated,1
degrading,1
pricked,1
writings,1
service,1
gutters,1
pope,1
winners,1
summon,1
bandaged,1
stared,1
holy,1
twig-littered,1
chuck,1
scramble,1
equipment,1
calamity,1
world-conquest,1
seizure,1
fertilized,1
frog-like,1
abashed,1
flakes,1
perfected,1
undark,1
subtilized,1
agitprop,1
aimed,1
valued,1
husband,1
remorselessly,1
sickened,1
heave,1
yde,1
pursuing,1
chunk,1
spinning,1
freckles,1
invasion,1
wild-rose,1
smoothed,1
usage,1
bright-lit,1
julius,1
white-aproned,1
wastage,1
tickets,1
bearded,1
delightful,1
kent,1
hottest,1
crystal,1
jollying,1
daydreams,1
widespread,1
overwork,1
acquiring,1
professional,1
ossified,1
theoretically,1
describing,1
palace,1
drastically,1
anticipation,1
ghostlike,1
accents,1
outwit,1
distinctly,1
recaptured,1
scheme,1
biased,1
desired,1
admits,1
convert,1
nonexistence,1
floats,1
outweighed,1
intense,1
purchased,1
tenements,1
bus-stop,1
defeating,1
looted,1
projects,1
compensation,1
mannerism,1
arrogant,1
disintegrate,1
harshly,1
foul,1
cork,1
tending,1
elegant,1
constricted,1
awarded,1
musicians,1
stationer,1
brass,1
hemisphere,1
mystically,1
dark-blue,1
dwelling-places,1
vehicle,1
definition,1
specifically,1
recurrent,1
gift,1
penitence,1
crush,1
gulfs,1
swim,1
hockey-fields,1
proceeded,1
aggressive,1
dissemble,1
menacing,1
audible,1
irrepressible,1
performance,1
bell,1
patched-up,1
spare,1
water-closets,1
buzz,1
blocking,1
butter,1
tunefully,1
household,1
greedy,1
incredibly,1
blackmail,1
tasks,1
retaliation,1
moulding,1
unbroken,1
conversational,1
shrubs,1
midday,1
diverging,1
spraying,1
speakwritten,1
stickiness,1
cream-laid,1
hi,1
archipelago,1
devise,1
daydreaming,1
disentangled,1
surveillance,1
transmitting,1
ate,1
expanded,1
blubbered,1
shrivelled,1
reptiles,1
unspoken,1
oxes,1
skimmed,1
inform,1
red-hot,1
neatness,1
suggestive,1
waddling,1
noticeably,1
prints,1
yielded,1
selfishness,1
impudently,1
sweeping,1
levitation,1
refines,1
leopoldville,1
hatching,1
printing,1
rubbing,1
shrewish,1
singled,1
resisting,1
shuddered,1
tribute,1
massing,1
unfreedom,1
nominate,1
restore,1
screwed,1
sickening,1
mats,1
untidy,1
organizing,1
nosing,1
marking,1
folded-up,1
etiolated,1
sleepiest,1
envelope,1
graves,1
exhortations,1
olden,1
high-sounding,1
chivalrous,1
stationary,1
freed,1
cynicism,1
mildly,1
pangs,1
fur,1
shedding,1
backslider,1
tremulous,1
sharper,1
gleaming,1
largest,1
philologist,1
aiming,1
dodges,1
perilously,1
outnumbering,1
portraits,1
locket,1
justify,1
re-learn,1
overheads,1
copiously,1
fencing,1
drenched,1
disquieting,1
definitions,1
enchanter,1
boiled-cabbage,1
compounded,1
conditioning,1
martial,1
chased,1
incongruous,1
potato,1
civilians,1
thickly-populated,1
respites,1
shave,1
disconnectedly,1
ebbed,1
seeks,1
bars,1
whatsoever,1
bump,1
enterprise,1
wrappings,1
fitness,1
faking,1
astrology,1
ill-omened,1
wince,1
rations,1
strongly,1
powdery,1
parenthetically,1
ounces,1
fluctuate,1
dimensions,1
rose-hip,1
dental,1
crown,1
persecutions,1
perfection,1
symbolize,1
bounced,1
belch,1
identified,1
treatise,1
ships,1
listlessness,1
projecting,1
alibi,1
forgeries,1
cheer,1
cabbage-stalk,1
java,1
efficiently,1
indifferent,1
timorously,1
tracks,1
quick-witted,1
creating,1
panegyric,1
treacheries,1
crushed-looking,1
rifles,1
loopholes,1
truthfulness,1
toys,1
paraded,1
ill-favoured,1
gorgeous,1
salvation,1
catholics,1
anemone,1
alongside,1
offensively,1
exceptional,1
violations,1
contents,1
boldly,1
fury,1
evaporate,1
counter-revolutions,1
determining,1
furthest,1
invisibility,1
malleable,1
pacing,1
fatal,1
unlight,1
paymasters,1
columns,1
hockey-sticks,1
colchester,1
garbled,1
winked,1
application,1
bloom,1
rubbish-heap,1
workmate,1
embed,1
lassitude,1
communicating,1
delightedly,1
criticism,1
bet,1
gripping,1
matched,1
continents,1
perpetual,1
sententiously,1
groin,1
oceans,1
commas,1
clean-mindedness,1
commander,1
vapour,1
swarms,1
decoration,1
dented,1
siberia,1
whitened,1
nice,1
ascribed,1
consecutive,1
cross,1
holiday,1
part-time,1
servicing,1
norman,1
horrors,1
white-quilted,1
floodlit,1
hard-working,1
granite,1
smuggled,1
nicknames,1
half-aware,1
reducing,1
worker,1
sting,1
haste,1
rejoiced,1
heretics,1
half-hour,1
cattle-track,1
hotter,1
sanction,1
meagre,1
discovering,1
menacingly,1
maddened,1
decorated,1
exterminate,1
tenet,1
corking,1
gauge,1
self-destruction,1
looser,1
seek,1
scraggy,1
ante-,1
baal,1
ficdep,1
2001,1
drudges,1
forces,1
tugging,1
whips,1
flown,1
thoroughfare,1
miscellaneous,1
whispers,1
proximity,1
such-like,1
cups,1
lately,1
tuneful,1
cosmetics,1
renewed,1
tingling,1
consumed,1
australian,1
acquire,1
pyramid,1
unexampled,1
self-forgetfulness,1
writhing,1
trickery,1
gratefully,1
register,1
unreservedly,1
stimulus,1
watering,1
recdep,1
doubleplus-,1
sites,1
delivering,1
assault,1
jabbed,1
seventeenth,1
spectacle-flash,1
nippers,1
underfed,1
jagged,1
leaf,1
glancing,1
inconsequently,1
repainted,1
close-smelling,1
suddenness,1
accidental,1
illicit,1
deranged,1
merge,1
irrelevant,1
looks,1
enveloped,1
gummed-up,1
emphasis,1
auxiliary,1
unborn,1
level-headed,1
repairs,1
england,1
incurred,1
complicate,1
lugged,1
cheated,1
wooden-seated,1
chalked,1
bosom,1
atrocity,1
meritorious,1
casualties,1
ill-paid,1
fundamentally,1
monopoly,1
colonial,1
obscene,1
racked,1
medical,1
intimates,1
embodiment,1
barrel,1
basket,1
airfields,1
dirty-looking,1
define,1
gunsights,1
claptrap,1
predicted,1
begotten,1
interfered,1
branched,1
moss,1
spanners,1
diamond-shaped,1
amplifiers,1
industriousness,1
coolies,1
outlived,1
fastened,1
obscenity,1
dentures,1
coherent,1
threats,1
diagram,1
eastward,1
pyjamas,1
disobeyed,1
sock,1
occupying,1
overpoweringly,1
twenty-six,1
trousers,1
inert,1
explains,1
ruminant,1
beam,1
bearer,1
neurologists,1
pity,1
now-existing,1
queen,1
memorable,1
neighbour,1
14,1
rarity,1
devil,1
treadmill,1
warmer,1
sticking-plaster,1
darkened,1
stifling,1
rulership,1
indefinite,1
bludgeon,1
peeling,1
resurrection,1
speedwise,1
minipeaceful,1
constituted,1
censored,1
graduating,1
son,1
cubic,1
fourteen-thirty,1
grossly,1
gabble,1
bishops,1
erased,1
battering,1
urine,1
treetops,1
bulge,1
advances,1
stuffed,1
blazing,1
repairing,1
absent-mindedly,1
irrationally,1
stack,1
possessions,1
caesars,1
coils,1
drily,1
eradicated,1
forlorn,1
capitulate,1
willows,1
interim,1
relatives,1
shifted,1
encouragingly,1
clerks,1
stowed,1
working-hours,1
coarseness,1
countryside,1
court,1
contralto,1
gramophone,1
naggingly,1
pitched,1
prop,1
discrimination,1
marks,1
strolled,1
bashed,1
hauling,1
believes,1
amalgam,1
singlet,1
disagreeable,1
credit,1
freezes,1
dappled,1
discarded,1
robbed,1
hostages,1
satisfies,1
oblivion,1
lap,1
ill-defined,1
termination,1
declaration,1
pairs,1
five-cent,1
voicing,1
tennis,1
mournfully,1
business-like,1
striding,1
shuddering,1
historic,1
softened,1
proclaimed,1
scientists,1
gasping,1
high-ceilinged,1
fluid,1
rocks,1
withstand,1
producers,1
promised,1
eager,1
improved,1
guessed,1
leader-worship,1
prodigies,1
industrious,1
regrouped,1
pre-industrial,1
meself,1
posterior,1
crop,1
deformity,1
fleshy,1
groan,1
assumption,1
invertebrate,1
greyish,1
gory,1
reprinted,1
talent,1
re-edit,1
disgraced,1
brisk,1
happier,1
pardoned,1
rent,1
hinges,1
delicately,1
calling,1
manipulated,1
shreds,1
predictions,1
satisfying,1
emotionally,1
triumphant,1
attributes,1
crude,1
blasphemy,1
optimism,1
shots,1
reinscribed,1
sharp-pointed,1
indians,1
statues,1
ringing,1
leg-irons,1
muck,1
pillar,1
overtime,1
declared,1
designing,1
utopianism,1
dresses,1
deep-lunged,1
rosebud,1
shoeless,1
intoxication,1
despotism,1
penitent,1
foolish,1
kindred,1
generalized,1
defining,1
translating,1
wonderful,1
infant,1
impressive,1
retrace,1
extricate,1
stench,1
fits,1
engine,1
dully,1
likewise,1
insect,1
brink,1
grenade,1
barren,1
thigh-bones,1
irresistible,1
prostrated,1
tentative,1
consideration,1
prestige,1
license,1
alarmed,1
unmasked,1
unending,1
frontispiece,1
sums,1
gallery,1
visiting,1
firearms,1
refusing,1
widened,1
fitting,1
bering,1
unceasingly,1
earthquakes,1
rearrange,1
stampede,1
alcohol,1
hypodermic,1
visualized,1
cape,1
preceded,1
governments,1
ungovernable,1
reproach,1
astronomical,1
offending,1
technicalities,1
scrutiny,1
inventing,1
legendary,1
balls,1
unscrew,1
tasteless,1
dodged,1
fuller,1
prelude,1
earthenware,1
beseech,1
tank,1
functions,1
grades,1
loses,1
conquerable,1
broad-chested,1
relied,1
renewal,1
beetle,1
leafless,1
inspired,1
sulkily,1
begetting,1
3rd,1
displeasure,1
synonyms,1
braying,1
jammed,1
reminded,1
melt,1
enlarge,1
bottling,1
vestibule,1
intrigue,1
soundless,1
definitively,1
obtain,1
vistula,1
fanaticism,1
rejects,1
plus-,1
deriving,1
restrictions,1
punished,1
assembly,1
compendium,1
gymnasium,1
ideals,1
causing,1
amulets,1
truthful,1
ouse,1
oval,1
vainly,1
knoll,1
ripe,1
inquisitive,1
sprinkle,1
judging,1
antegetting,1
dividing,1
attempts,1
channels,1
nakedness,1
trim,1
especial,1
succumbing,1
successive,1
doings,1
vilely,1
sporadically,1
strengthened,1
smattering,1
fruity,1
jewess,1
isolation,1
zealot,1
deleting,1
scuttle,1
inkpot,1
tension,1
choked,1
underwent,1
susceptible,1
shares,1
disappointing,1
sulphuric,1
silkiness,1
rumpelstiltskin,1
defences,1
enormously,1
factor,1
membership,1
awkwardly,1
disabled,1
shameless,1
utopias,1
bicep,1
plucked,1
opposing,1
semblance,1
stripping,1
indicating,1
chicken-houses,1
penetrating,1
1945,1
pierce,1
burly,1
gyrating,1
committing,1
wad,1
slammed,1
intensely,1
lightning,1
valiant,1
cake,1
doctor,1
sect,1
nerved,1
myth,1
spectacle,1
drilling,1
coupons,1
associates,1
milkless,1
subscriptions,1
sexes,1
submitting,1
calculations,1
appreciatively,1
coughed,1
postcards,1
wage,1
digging,1
claims,1
convince,1
characterize,1
hearth-stone,1
khaki,1
underwater,1
flashing,1
frivolity,1
cyst,1
mutilated,1
offering,1
brim,1
exploits,1
dissolved,1
neckerchief,1
unfortunately,1
whiteness,1
imbecility,1
glamour,1
bucket,1
intellectuality,1
models,1
lingered,1
swinging,1
foolery,1
shoved,1
callouses,1
experienced,1
fragmentary,1
rebelling,1
comradely,1
collector,1
factory,1
bakeries,1
poisons,1
solidarity,1
bribery,1
supported,1
arise,1
vertically,1
compilers,1
tops,1
tens,1
flap,1
worthy,1
caesar,1
eroticism,1
1970,1
nickname,1
rainwater,1
beams,1
turmoil,1
conflict,1
exerts,1
gagging,1
subtlest,1
distilled,1
surly,1
mainly,1
memoranda,1
haggling,1
gooder,1
patched,1
urbane,1
derided,1
soles,1
cylindrical,1
dressing-down,1
anxiety,1
noble,1
turns,1
criticize,1
virtuosity,1
remarked,1
manage,1
calves,1
midst,1
trolleys,1
reported,1
preached,1
forerunners,1
falsity,1
frightful,1
interrogating,1
weaker,1
confinement,1
awkwardness,1
amused,1
fuss,1
nebulous,1
bold-looking,1
exclamations,1
statutory,1
pocketed,1
bellowed,1
attacked,1
remedied,1
juggling,1
lowest,1
spongy,1
waste-pipe,1
isself,1
s-in-the-fields,1
close-bitten,1
regrouping,1
brazilian,1
armour-plating,1
adherence,1
aspect,1
kipling,1
uncalled,1
seaborne,1
purposive,1
-trueful,1
compliance,1
supplied,1
protuberant,1
raids,1
maidens,1
analysing,1
bitter,1
skilfully,1
treading,1
haranguing,1
tangier,1
stupefied,1
1920,1
systematic,1
pull,1
justly,1
shapeless,1
unsympathetic,1
cowards,1
goat,1
creator,1
inalienable,1
tom-toms,1
symptoms,1
middle-sized,1
facecrime,1
slogging,1
clots,1
screwing,1
hesitantly,1
meantime,1
indonesian,1
shore,1
loaded,1
securely,1
mare-like,1
disciplined,1
lessened,1
cavity,1
kilograms,1
smallish,1
soaring,1
silliness,1
clot,1
tiger,1
authoritative,1
gratitude,1
reverberation,1
bicycle,1
unclean,1
loudness,1
tripped,1
toothless,1
boldness,1
shan,1
enclosing,1
outrages,1
cold-faced,1
bullying,1
barbarities,1
fiery,1
admonished,1
